order_id,date,time,order_type,branch_code,order_items,order_price,customer_lat,customer_lon,customerHasloyalty?,distance_to_customer_KM,delivery_fee
ORDZ04713,2018-01-20,08:30:25,Breakfast,NS,"[('Cereal', 3), ('Eggs', 3)]",129.0000,-37.8041,144.9739,0,6.6710,13.1677
ORDC04664,2018-11-28,18:59:09,Dinner,NS,"[('Salmon', 8), ('Pasta', 5), ('Fish&Chips', 6), ('Shrimp', 10)]",1215.5000,-37.8166,144.9763,0,8.2970,14.2519
ORDC07657,2018-02-23,09:41:24,Breakfast,,"[('Eggs', 3), ('Pancake', 1), ('Coffee', 3)]",112.7500,-37.8066,144.9324,0,,15.2088
ORDC09481,2018-04-06,11:02:32,Breakfast,NS,"[('Coffee', 4), ('Pancake', 2), ('Eggs', 2)]",122.5000,-37.8028,144.9957,0,8.4870,13.5431
ORDB00204,2018-12-05,19:09:17,Dinner,TP,"[('Pasta', 4), ('Salmon', 6), ('Fish&Chips', 5), ('Shrimp', 10)]",1071.0000,-37.8207,144.9547,0,8.2310,13.0907
ORDB01589,2018-06-22,13:34:38,Lunch,TP,"[('Burger', 9), ('Fries', 4)]",327.0000,-37.8044,145.0014,0,11.7560,15.1078
ORDX04944,2018-04-07,11:02:32,Breakfast,BK,"[('Coffee', 8), ('Eggs', 10), ('Pancake', 2), ('Cereal', 4)]",412.5000,-37.8227,145.0076,0,4.5550,11.8560
ORDX06289,2018-08-22,15:46:28,Lunch,BK,"[('Salad', 10), ('Steak', 9), ('Burger', 5), ('Fries', 3), ('Chicken', 3)]",864.0000,-37.8226,144.9403,0,10.2170,16.1630
ORDC09624,2018-07-17,14:25:21,Lunch,NS,"[('Salad', 3), ('Chicken', 4), ('Burger', 1), ('Fries', 6), ('Steak', 6)]",552.6000,-37.8063,144.9405,0,10.2350,15.6994
ORDC02404,2018-03-09,10:11:49,Breakfast,NS,"[('Coffee', 5), ('Pancake', 2), ('Cereal', 6), ('Eggs', 7)]",366.0000,-37.8062,144.9588,0,7.6940,12.9096
ORDA02611,2018-01-05,08:00:00,Breakfast,,"[('Pancake', 9), ('Coffee', 9)]",285.7500,-37.8129,144.9372,1,,7.7740
ORDA01086,2018-07-08,14:15:12,Lunch,BK,"[('Fries', 7), ('Burger', 4), ('Chicken', 7)]",432.0000,-37.8198,144.9613,0,8.0580,16.4650
ORDJ02896,2018-03-10,10:11:49,Breakfast,TP,"[('Coffee', 10), ('Eggs', 10), ('Pancake', 5)]",416.2500,-37.8230,144.9763,0,8.1210,12.2301
ORDZ02695,2018-07-10,14:15:12,Lunch,NS,"[('Fries', 7), ('Chicken', 9)]",372.0000,-37.8246,144.9846,0,9.4810,15.0285
ORDB00154,2018-01-15,08:20:16,Breakfast,TP,"[('Eggs', 6), ('Pancake', 3), ('Cereal', 2), ('Coffee', 6)]",291.7500,-37.8181,144.9486,1,9.0510,5.4718
ORDA10783,2018-12-08,19:19:26,Dinner,BK,"[('Pasta', 2), ('Shrimp', 6), ('Salmon', 10), ('Fish&Chips', 7)]",1034.0000,-37.8123,144.9469,0,9.8440,19.2779
ORDZ03142,2018-05-05,12:03:22,Lunch,NS,"[('Fries', 5), ('Salad', 2), ('Steak', 3), ('Burger', 1)]",260.4000,-37.8197,144.9944,0,9.8210,17.5010
ORDY09322,2018-11-25,18:49:00,Dinner,TP,"[('Salmon', 2), ('Shrimp', 5), ('Pasta', 1), ('Fish&Chips', 9)]",694.5000,-37.8240,144.9570,0,8.4060,14.3024
ORDC07602,2018-02-17,09:31:16,Breakfast,,"[('Pancake', 4), ('Cereal', 5), ('Coffee', 2)]",217.0000,-37.8198,144.9790,0,8.6250,15.6560
ORDA00631,2018-10-25,17:48:10,Dinner,,"[('Pasta', 5), ('Shrimp', 8)]",569.5000,-37.8183,144.9788,0,,13.4269
ORDY04907,2018-05-07,12:03:22,Lunch,TP,"[('Steak', 7), ('Fries', 1), ('Chicken', 6), ('Salad', 3), ('Burger', 3)]",663.6000,-37.8008,144.9486,0,10.2540,13.2817
ORDA10525,2018-06-18,13:34:38,Lunch,BK,"[('Fries', 9), ('Steak', 6), ('Salad', 3), ('Burger', 9)]",708.6000,-37.8235,144.9713,0,7.9100,14.0356
ORDI01350,2018-11-27,18:59:09,Dinner,,"[('Salmon', 6), ('Pasta', 4), ('Fish&Chips', 2), ('Shrimp', 9)]",912.0000,-37.8166,145.0093,0,10.8210,16.7742
ORDA05495,2018-11-10,18:18:35,Dinner,,"[('Pasta', 4), ('Fish&Chips', 1)]",145.0000,-37.7997,144.9574,0,8.4030,17.7948
ORDK00136,2018-05-30,12:54:05,Lunch,,"[('Burger', 8), ('Chicken', 2), ('Steak', 6)]",582.0000,-37.8174,144.9527,0,,14.6019
ORDI01964,2018-06-19,13:34:38,Lunch,NS,"[('Fries', 9), ('Salad', 7)]",228.4000,-37.8231,145.0008,0,10.5760,16.6549
ORDY02853,2018-11-10,18:18:35,Dinner,TP,"[('Fish&Chips', 7), ('Salmon', 8)]",573.0000,-37.8132,144.9364,0,10.9090,16.2342
ORDC02460,2018-08-08,15:16:03,Lunch,NS,"[('Burger', 4), ('Steak', 9)]",529.0000,-37.8130,144.9859,0,8.5760,13.5037
ORDC09118,2018-11-28,18:59:09,Dinner,NS,"[('Shrimp', 2), ('Pasta', 7), ('Fish&Chips', 3), ('Salmon', 10)]",815.5000,-37.8030,144.9621,0,7.0550,13.1029
ORDK00308,2018-02-19,09:31:16,Breakfast,BK,"[('Coffee', 2), ('Pancake', 5), ('Eggs', 10)]",356.2500,-37.8237,144.9869,0,6.4680,11.2986
ORDB04047,2018-07-19,14:35:29,Lunch,TP,"[('Chicken', 10), ('Burger', 10), ('Salad', 4)]",698.8000,-37.8062,144.9818,0,9.9110,12.8937
ORDA06353,2018-10-18,17:38:01,Dinner,BK,"[('Salmon', 10), ('Pasta', 2), ('Fish&Chips', 10), ('Shrimp', 10)]",1355.0000,-37.8188,144.9671,0,7.6120,14.6634
ORDX06536,2018-10-28,17:58:18,Dinner,,"[('Fish&Chips', 9), ('Pasta', 10)]",590.0000,-37.8092,144.9485,0,8.9270,18.8410
ORDY01318,2018-08-22,15:36:20,Lunch,,"[('Steak', 9), ('Salad', 1)]",422.2000,-37.8124,144.9483,0,10.3020,13.2425
ORDI05928,2018-10-14,17:27:53,Dinner,NS,"[('Salmon', 10), ('Fish&Chips', 10), ('Pasta', 8)]",980.0000,-37.8167,144.9943,0,9.6080,17.5531
ORDX06942,2018-12-25,19:49:51,Dinner,BK,"[('Salmon', 4), ('Fish&Chips', 4)]",304.0000,-37.8251,144.9567,0,8.8800,15.9374
ORDB10955,2018-02-01,09:00:50,Breakfast,TP,"[('Eggs', 6), ('Cereal', 8)]",300.0000,-37.8148,144.9554,0,8.5280,11.0590
ORDY03885,2018-04-27,11:53:14,Breakfast,,"[('Coffee', 7), ('Eggs', 2)]",96.5000,-37.8000,144.9942,0,11.4420,13.3373
ORDX10918,2018-07-09,14:15:12,Lunch,BK,"[('Steak', 4), ('Salad', 6)]",283.2000,-37.8219,144.9554,0,8.6930,14.5888
ORDC03844,2018-11-03,18:08:27,Dinner,NS,"[('Fish&Chips', 8), ('Salmon', 3), ('Pasta', 5), ('Shrimp', 10)]",1080.5000,-37.8177,144.9705,0,8.7150,16.1956
ORDC00072,2018-05-24,12:43:56,Lunch,,"[('Chicken', 9), ('Steak', 8), ('Salad', 9), ('Fries', 6), ('Burger', 4)]",998.8000,-37.8255,144.9517,0,,15.6297
ORDC07962,2018-04-03,11:02:32,Breakfast,NS,"[('Cereal', 6), ('Eggs', 10)]",346.0000,-37.8032,144.9740,0,6.5650,11.0878
ORDJ05884,2018-11-18,18:38:52,Dinner,,"[('Salmon', 10), ('Fish&Chips', 8), ('Pasta', 8), ('Shrimp', 8)]",1342.0000,-37.8194,145.0084,0,11.3350,17.0570
ORDX09644,2018-08-25,15:46:28,Lunch,BK,"[('Burger', 6), ('Steak', 7), ('Fries', 6)]",573.0000,-37.8176,144.9689,0,7.7550,16.1701
ORDC03233,2018-10-02,17:07:36,Dinner,,"[('Shrimp', 8), ('Pasta', 9), ('Salmon', 4), ('Fish&Chips', 10)]",1193.5000,-37.8233,144.9702,0,,15.2029
ORDZ04017,2018-06-17,13:34:38,Lunch,NS,"[('Chicken', 4), ('Salad', 3), ('Burger', 1)]",210.6000,-37.8016,144.9643,0,6.8390,14.3393
ORDY06337,2018-12-30,20:00:00,Dinner,,"[('Shrimp', 6), ('Pasta', 6), ('Fish&Chips', 6)]",699.0000,-37.8050,144.9250,0,11.6060,16.7283
ORDX07969,2018-01-04,08:00:00,Breakfast,BK,"[('Eggs', 1), ('Coffee', 4)]",52.0000,-37.8002,145.0096,1,4.8630,4.9729
ORDA02747,2018-07-01,13:54:55,Lunch,,"[('Fries', 4), ('Chicken', 8), ('Steak', 5)]",529.0000,-37.8187,144.9672,0,7.6200,15.9064
ORDJ04352,2018-02-01,09:00:50,Breakfast,TP,"[('Pancake', 3), ('Coffee', 5)]",110.2500,-37.8148,144.9554,0,8.5280,11.3320
ORDY06236,2018-09-16,16:27:02,Dinner,TP,"[('Pasta', 6), ('Salmon', 1), ('Shrimp', 6), ('Fish&Chips', 10)]",880.0000,-37.8040,144.9648,0,9.3800,14.7543
ORDC02689,2018-10-05,17:07:36,Dinner,NS,"[('Salmon', 4), ('Fish&Chips', 2), ('Pasta', 5)]",371.5000,-37.8082,144.9559,0,8.0520,14.2518
ORDY03008,2018-01-23,08:40:33,Breakfast,TP,"[('Eggs', 1), ('Pancake', 9), ('Cereal', 3)]",303.2500,-37.8191,144.9542,0,8.4020,11.2722
ORDA06865,2018-03-18,10:32:06,Breakfast,BK,"[('Coffee', 3), ('Eggs', 3)]",88.5000,-37.8128,144.9736,0,6.8670,14.2399
ORDY02887,2018-09-26,16:57:27,Dinner,TP,"[('Fish&Chips', 3), ('Salmon', 8), ('Shrimp', 1), ('Pasta', 1)]",514.5000,-37.8167,144.9990,0,10.6160,14.5421
ORDK00525,2018-03-18,10:32:06,Breakfast,BK,"[('Eggs', 3), ('Cereal', 4), ('Coffee', 3)]",172.5000,-37.8092,144.9722,0,6.7070,13.5729
ORDK02035,2018-08-20,15:36:20,Lunch,BK,"[('Fries', 1), ('Salad', 8), ('Burger', 6), ('Steak', 9)]",740.6000,-37.8100,144.9449,0,9.2750,15.2541
ORDZ03442,2018-12-04,19:09:17,Dinner,,"[('Fish&Chips', 9), ('Shrimp', 8), ('Pasta', 1), ('Salmon', 8)]",1102.5000,-37.8219,144.9712,0,8.9120,14.9598
ORDK10187,2018-03-31,10:52:23,Breakfast,BK,"[('Coffee', 5), ('Eggs', 8)]",213.5000,-37.8246,144.9457,0,9.7000,17.2396
ORDB09158,2018-09-14,16:27:02,Dinner,TP,"[('Fish&Chips', 6), ('Shrimp', 4), ('Pasta', 9), ('Salmon', 5)]",878.5000,-37.8178,144.9591,0,7.9330,12.6317
ORDB10762,2018-06-19,13:34:38,Lunch,TP,"[('Chicken', 9), ('Burger', 8)]",536.0000,-37.8250,144.9980,0,10.1040,12.8928
ORDB04121,2018-02-18,09:31:16,Breakfast,TP,"[('Coffee', 4), ('Cereal', 10), ('Pancake', 2)]",288.5000,-37.8077,144.9836,0,9.9170,14.3184
ORDB04780,2018-05-31,12:54:05,Lunch,TP,"[('Salad', 4), ('Fries', 2)]",92.8000,-37.7994,144.9579,0,9.7880,12.9599
ORDK03268,2018-05-02,12:03:22,Lunch,BK,"[('Chicken', 5), ('Salad', 4)]",228.8000,-37.8117,144.9655,0,7.3970,13.1109
ORDA03256,2018-06-11,13:14:21,Lunch,BK,"[('Burger', 10), ('Steak', 1), ('Chicken', 6)]",547.0000,-37.8139,144.9592,0,8.0620,14.1517
ORDI07302,2018-05-28,12:54:05,Lunch,NS,"[('Salad', 9), ('Chicken', 5), ('Fries', 7)]",398.8000,-37.8222,144.9829,0,9.0780,14.6134
ORDA04217,2018-07-25,14:45:38,Lunch,,"[('Fries', 6), ('Salad', 2)]",106.4000,-37.8117,144.9565,0,,14.2757
ORDZ06918,2018-01-16,08:30:25,Breakfast,NS,"[('Coffee', 6), ('Pancake', 6)]",190.5000,-37.8101,145.0002,1,9.4920,7.8378
ORDK06599,2018-11-16,18:28:43,Dinner,,"[('Pasta', 3), ('Shrimp', 6), ('Salmon', 9)]",775.5000,-37.8337,144.9930,0,7.7630,14.6329
ORDX05448,2018-07-07,14:15:12,Lunch,,"[('Steak', 8), ('Burger', 4), ('Chicken', 1), ('Salad', 5)]",602.0000,-37.8182,144.9646,0,,15.7929
ORDY00175,2018-06-13,13:24:30,Lunch,,"[('Salad', 8), ('Burger', 3), ('Steak', 7)]",545.6000,-37.7999,144.9290,0,11.7870,14.7589
ORDB08276,2018-02-02,09:00:50,Breakfast,TP,"[('Pancake', 4), ('Cereal', 9), ('Eggs', 7), ('Coffee', 4)]",470.0000,-37.8109,144.9996,0,11.1380,13.4777
ORDB02946,2018-09-10,16:16:54,Dinner,TP,"[('Shrimp', 5), ('Fish&Chips', 5)]",445.0000,-37.7995,144.9893,0,11.1000,15.0527
ORDY10959,2018-02-06,09:10:59,Breakfast,TP,"[('Pancake', 5), ('Eggs', 6), ('Coffee', 5)]",290.7500,-37.8046,144.9774,0,9.7030,12.2301
ORDC10222,2018-02-09,09:10:59,Breakfast,NS,"[('Pancake', 6), ('Eggs', 6)]",277.5000,-37.8002,144.9597,0,7.1030,11.9044
ORDK04417,2018-11-22,18:49:00,Dinner,BK,"[('Fish&Chips', 5), ('Shrimp', 9), ('Salmon', 8), ('Pasta', 3)]",1071.5000,-37.8112,144.9731,0,6.7750,13.7203
ORDY09518,2018-04-27,11:43:05,Breakfast,TP,"[('Eggs', 3), ('Coffee', 4)]",96.0000,-37.8123,145.0050,0,11.4070,13.6833
ORDZ10544,2018-09-14,16:27:02,Dinner,NS,"[('Salmon', 2), ('Pasta', 6)]",247.0000,-37.8151,144.9353,0,10.1040,16.1911
ORDC04752,2018-02-26,09:51:32,Breakfast,NS,"[('Eggs', 5), ('Coffee', 3), ('Pancake', 7), ('Cereal', 9)]",491.2500,-37.8043,144.9555,0,7.8500,12.4954
ORDA04493,2018-01-22,08:40:33,Breakfast,BK,"[('Pancake', 3), ('Eggs', 6)]",204.7500,-37.8023,145.0125,0,4.3830,8.8979
ORDB03574,2018-01-17,08:30:25,Breakfast,TP,"[('Eggs', 5), ('Cereal', 7), ('Coffee', 5)]",294.5000,-37.8064,144.9580,1,9.1120,5.5830
ORDX01078,2018-04-02,10:52:23,Breakfast,BK,"[('Coffee', 6), ('Pancake', 6)]",190.5000,-37.8171,144.9531,0,8.6830,13.7350
ORDJ08702,2018-04-27,11:53:14,Breakfast,TP,"[('Pancake', 1), ('Coffee', 8), ('Cereal', 7)]",231.2500,-37.8209,144.9716,0,7.8910,10.1206
ORDX02032,2018-05-30,12:54:05,Lunch,,"[('Fries', 10), ('Steak', 8), ('Salad', 6)]",583.2000,-37.8188,144.9700,0,7.5000,12.7316
ORDJ02728,2018-03-18,10:32:06,Breakfast,TP,"[('Eggs', 3), ('Coffee', 10), ('Pancake', 7)]",310.7500,-37.8071,144.9507,0,9.4290,13.0523
ORDJ09467,2018-08-09,15:16:03,Lunch,TP,"[('Salad', 6), ('Fries', 2), ('Steak', 7)]",442.2000,-37.7992,144.9630,0,9.9010,13.1434
ORDY05566,2018-01-26,08:50:42,Breakfast,,"[('Coffee', 10), ('Eggs', 1)]",97.0000,-37.8248,144.9890,0,,11.8750
ORDA10658,2018-06-08,13:14:21,Lunch,BK,"[('Salad', 3), ('Chicken', 9), ('Burger', 2)]",401.6000,-37.8049,144.9517,0,8.5520,14.3153
ORDC05926,2018-03-12,10:11:49,Breakfast,NS,"[('Cereal', 6), ('Eggs', 6), ('Coffee', 10), ('Pancake', 4)]",430.0000,-37.8222,144.9829,0,9.0800,14.1212
ORDI06410,2018-07-30,14:55:46,Lunch,,"[('Salad', 8), ('Steak', 9), ('Burger', 9), ('Fries', 5)]",881.6000,-37.8010,144.9702,0,6.1380,11.6197
ORDC10658,2018-01-13,08:20:16,Breakfast,NS,"[('Coffee', 10), ('Eggs', 3), ('Pancake', 9)]",359.2500,-37.8193,144.9885,1,9.2440,7.9123
ORDA02214,2018-11-02,18:08:27,Dinner,BK,"[('Fish&Chips', 2), ('Shrimp', 3)]",232.0000,-37.8194,144.9612,0,8.0140,15.2934
ORDX01116,2018-11-03,18:08:27,Dinner,BK,"[('Fish&Chips', 6), ('Salmon', 2), ('Pasta', 3), ('Shrimp', 8)]",806.5000,-37.7994,145.0109,0,4.7150,13.9355
ORDK10803,2018-10-09,17:17:44,Dinner,BK,"[('Salmon', 6), ('Pasta', 1)]",273.5000,-37.8124,144.9518,0,8.6290,15.2022
ORDX02548,2018-05-18,12:33:48,Lunch,BK,"[('Burger', 6), ('Chicken', 7)]",410.0000,-37.8126,144.9690,0,7.1830,13.2411
ORDJ09654,2018-10-12,17:27:53,Dinner,TP,"[('Pasta', 10), ('Shrimp', 6)]",599.0000,-37.8194,144.9625,0,7.9380,12.3395
ORDX07654,2018-02-05,09:10:59,Breakfast,BK,"[('Pancake', 2), ('Coffee', 5)]",86.0000,-37.8149,144.9648,0,7.6550,12.7193
ORDX10315,2018-09-27,16:57:27,Dinner,BK,"[('Salmon', 10), ('Fish&Chips', 6), ('Pasta', 3), ('Shrimp', 4)]",918.5000,-37.8007,145.0185,0,5.5580,12.3564
ORDK03852,2018-01-09,08:10:08,Breakfast,BK,"[('Pancake', 3), ('Coffee', 1), ('Eggs', 4), ('Cereal', 8)]",336.2500,-37.8031,144.9826,1,6.3670,5.4944
ORDX10096,2018-04-06,11:02:32,Breakfast,BK,"[('Cereal', 2), ('Coffee', 5), ('Eggs', 7), ('Pancake', 2)]",282.0000,-37.8242,144.9842,0,6.7390,11.4250
ORDB05013,2018-12-26,19:49:51,Dinner,TP,"[('Pasta', 5), ('Shrimp', 10), ('Salmon', 9)]",1046.5000,-37.8112,144.9991,0,10.8870,14.8796
ORDZ00018,2018-01-16,08:20:16,Breakfast,NS,"[('Cereal', 2), ('Eggs', 7), ('Coffee', 3)]",218.5000,-37.8062,144.9348,1,9.9590,15.0251
ORDI10618,2018-10-12,17:27:53,Dinner,NS,"[('Pasta', 8), ('Shrimp', 6)]",544.0000,-37.7992,144.9830,0,7.4350,13.2729
ORDA01654,2018-01-13,08:20:16,Breakfast,BK,"[('Coffee', 3), ('Cereal', 1)]",43.5000,-37.8017,144.9574,1,8.2040,8.2606
ORDX01864,2018-08-12,15:26:11,Lunch,BK,"[('Chicken', 6), ('Burger', 3), ('Steak', 5), ('Salad', 8)]",647.6000,-37.8129,144.9879,0,5.4890,13.7537
ORDI02376,2018-09-21,16:47:19,Dinner,NS,"[('Pasta', 7), ('Shrimp', 4), ('Fish&Chips', 4)]",548.5000,-37.8091,144.9288,0,9.9430,16.0004
ORDX03778,2018-05-31,12:54:05,Lunch,BK,"[('Burger', 1), ('Chicken', 6), ('Steak', 5), ('Fries', 2)]",472.0000,-37.8019,144.9573,0,8.1820,14.2129
ORDZ09781,2018-12-14,19:29:34,Dinner,,"[('Fish&Chips', 5), ('Pasta', 2), ('Shrimp', 6), ('Salmon', 9)]",923.0000,-37.8171,144.9321,0,9.6840,15.6776
ORDA04856,2018-01-08,08:10:08,Breakfast,BK,"[('Coffee', 7), ('Cereal', 4), ('Pancake', 8)]",330.5000,-37.8175,144.9800,1,6.6220,5.6610
ORDJ05000,2018-09-11,16:16:54,Dinner,TP,"[('Pasta', 8), ('Salmon', 7), ('Fish&Chips', 5)]",682.0000,-37.8095,144.9637,0,8.6640,13.2300
ORDB04678,2018-05-28,12:54:05,Lunch,TP,"[('Steak', 4), ('Salad', 2)]",214.4000,-37.8009,144.9448,0,10.5110,14.3795
ORDZ10108,2018-07-17,14:25:21,Lunch,NS,"[('Salad', 7), ('Steak', 8), ('Fries', 2), ('Chicken', 10)]",824.4000,-37.8075,144.9485,0,8.7590,14.2847
ORDI03937,2018-01-11,08:20:16,Breakfast,NS,"[('Coffee', 4), ('Eggs', 3), ('Cereal', 7)]",243.0000,-37.8073,144.9569,1,8.1350,6.5245
ORDK02836,2018-12-01,18:59:09,Dinner,BK,"[('Salmon', 3), ('Pasta', 8)]",343.0000,-37.7995,145.0049,0,4.9390,14.4113
ORDI07704,2018-01-27,08:50:42,Breakfast,NS,"[('Pancake', 7), ('Cereal', 5), ('Eggs', 9), ('Coffee', 7)]",525.2500,-37.7993,144.9632,0,6.8920,13.9488
ORDX10385,2018-01-28,08:50:42,Breakfast,,"[('Coffee', 5), ('Eggs', 1), ('Cereal', 2)]",101.5000,-37.8103,144.9376,0,9.9610,17.5285
ORDI00825,2018-07-04,14:05:04,Lunch,NS,"[('Steak', 8), ('Burger', 10)]",670.0000,-37.8172,144.9678,0,8.2840,13.3282
ORDZ03740,2018-10-13,17:27:53,Dinner,NS,"[('Pasta', 7), ('Salmon', 3)]",315.5000,-37.8212,144.9557,0,9.4140,17.3326
ORDA10706,2018-02-20,09:31:16,Breakfast,BK,"[('Coffee', 9), ('Cereal', 9), ('Eggs', 5)]",366.5000,-37.8000,144.9889,0,6.1160,11.0627
ORDI07241,2018-11-04,18:08:27,Dinner,NS,"[('Salmon', 8), ('Pasta', 8), ('Fish&Chips', 9)]",863.0000,-37.8115,144.9525,0,8.5070,16.7127
ORDI01450,2018-12-21,19:39:43,Dinner,NS,"[('Shrimp', 2), ('Pasta', 6), ('Fish&Chips', 1), ('Salmon', 4)]",472.0000,-37.8150,144.9328,0,9.1680,15.2206
ORDX01105,2018-10-18,17:38:01,Dinner,BK,"[('Fish&Chips', 6), ('Pasta', 4)]",320.0000,-37.8022,144.9487,0,8.9060,16.0380
ORDJ09949,2018-08-27,15:56:37,Lunch,,"[('Steak', 9), ('Salad', 8), ('Fries', 5), ('Burger', 8)]",850.6000,-37.8173,144.9534,0,8.6010,11.6834
ORDJ09377,2018-09-11,16:27:02,Dinner,,"[('Fish&Chips', 2), ('Shrimp', 9), ('Pasta', 9)]",803.5000,-37.8077,144.9705,0,,13.6639
ORDB09932,2018-03-05,10:01:41,Breakfast,TP,"[('Eggs', 6), ('Cereal', 8), ('Coffee', 1)]",307.5000,-37.8135,144.9804,0,9.0260,12.0306
ORDI06544,2018-12-12,19:29:34,Dinner,NS,"[('Salmon', 5), ('Fish&Chips', 6), ('Pasta', 10)]",690.0000,-37.8096,144.9726,0,7.2910,13.2494
ORDI05676,2018-09-24,16:47:19,Dinner,NS,"[('Pasta', 8), ('Fish&Chips', 3), ('Shrimp', 6), ('Salmon', 4)]",813.0000,-37.8038,144.9421,0,9.0510,14.8826
ORDZ02266,2018-04-15,11:22:49,Breakfast,NS,"[('Coffee', 7), ('Cereal', 5)]",157.5000,-37.8169,144.9851,0,8.8320,16.4275
ORDZ04073,2018-08-23,15:46:28,Lunch,,"[('Burger', 4), ('Fries', 3)]",160.0000,-37.8069,144.9375,0,10.4040,15.3595
ORDZ08088,2018-05-04,12:03:22,Lunch,NS,"[('Fries', 1), ('Salad', 10)]",184.0000,-37.8014,144.9951,0,8.5680,13.9860
ORDK04355,2018-11-24,18:49:00,Dinner,BK,"[('Salmon', 4), ('Pasta', 1), ('Fish&Chips', 6)]",401.5000,-37.8136,144.9405,0,9.6500,19.1516
ORDZ00794,2018-11-03,18:08:27,Dinner,NS,"[('Shrimp', 6), ('Salmon', 1), ('Fish&Chips', 4), ('Pasta', 5)]",642.5000,-37.8102,144.9965,0,9.1200,16.8659
ORDB10099,2018-03-13,10:21:58,Breakfast,TP,"[('Coffee', 2), ('Eggs', 3), ('Cereal', 7), ('Pancake', 3)]",300.7500,-37.8144,144.9493,0,9.5950,12.5543
ORDJ01869,2018-12-23,19:49:51,Dinner,TP,"[('Pasta', 6), ('Fish&Chips', 6)]",375.0000,-37.8190,145.0038,0,10.9320,16.1953
ORDB04472,2018-10-25,17:48:10,Dinner,TP,"[('Shrimp', 9), ('Fish&Chips', 10), ('Pasta', 10), ('Salmon', 7)]",1398.0000,-37.8193,144.9636,0,7.8350,12.3997
ORDC03099,2018-09-29,16:57:27,Dinner,,"[('Pasta', 10), ('Fish&Chips', 2), ('Shrimp', 6)]",669.0000,-37.8097,144.9468,0,,16.2190
ORDZ00228,2018-06-08,13:14:21,Lunch,NS,"[('Salad', 7), ('Steak', 6)]",390.4000,-37.8182,144.9474,0,9.5950,14.8815
ORDY01936,2018-04-02,11:02:32,Breakfast,TP,"[('Pancake', 8), ('Cereal', 3), ('Eggs', 10)]",477.0000,-37.8065,145.0038,0,11.8940,14.4610
ORDA01588,2018-01-07,08:10:08,Breakfast,BK,"[('Eggs', 2), ('Pancake', 1)]",68.2500,-37.8133,144.9376,1,10.1300,9.0517
ORDJ02382,2018-05-10,12:13:31,Lunch,TP,"[('Steak', 9), ('Chicken', 3)]",501.0000,-37.8015,144.9639,0,9.5850,13.1702
ORDB09276,2018-01-18,08:30:25,Breakfast,,"[('Pancake', 4), ('Cereal', 4), ('Coffee', 9)]",248.5000,-37.8122,145.0156,1,13.1000,7.7142
ORDJ09700,2018-10-16,17:27:53,Dinner,TP,"[('Salmon', 2), ('Fish&Chips', 8)]",362.0000,-37.8197,144.9943,0,10.1150,14.2151
ORDI08771,2018-12-20,19:39:43,Dinner,NS,"[('Pasta', 5), ('Shrimp', 6), ('Fish&Chips', 1)]",496.5000,-37.8170,144.9324,0,9.7190,15.6363
ORDA10345,2018-11-24,18:49:00,Dinner,BK,"[('Pasta', 10), ('Fish&Chips', 3)]",380.0000,-37.8190,144.9851,0,6.1990,15.9708
ORDZ03377,2018-03-21,10:32:06,Breakfast,NS,"[('Pancake', 6), ('Coffee', 2)]",160.5000,-37.8140,144.9603,0,8.1750,13.3877
ORDJ07122,2018-09-30,16:57:27,Dinner,TP,"[('Shrimp', 2), ('Fish&Chips', 1), ('Salmon', 9)]",512.0000,-37.8124,144.9738,0,8.7310,14.5665
ORDA01639,2018-10-17,17:38:01,Dinner,BK,"[('Fish&Chips', 7), ('Shrimp', 4), ('Salmon', 5)]",666.0000,-37.8014,144.9485,0,9.0110,15.9620
ORDB03046,2018-02-12,09:21:07,Breakfast,TP,"[('Pancake', 6), ('Cereal', 5)]",250.5000,-37.8271,144.9749,0,8.6830,11.3828
ORDC01332,2018-03-16,10:21:58,Breakfast,NS,"[('Eggs', 1), ('Pancake', 8), ('Cereal', 8)]",384.0000,-37.7926,144.9714,0,6.9850,11.8098
ORDY06983,2018-08-18,15:36:20,Lunch,TP,"[('Chicken', 1), ('Salad', 1), ('Burger', 2)]",111.2000,-37.8124,144.9699,0,8.5790,13.4195
ORDX06094,2018-02-09,09:10:59,Breakfast,BK,"[('Coffee', 2), ('Cereal', 9), ('Pancake', 7)]",373.7500,-37.8052,144.9283,0,10.7210,16.2248
ORDY05286,2018-12-05,19:09:17,Dinner,TP,"[('Fish&Chips', 9), ('Salmon', 5), ('Pasta', 6), ('Shrimp', 3)]",847.0000,-37.8190,144.9549,0,8.3270,12.5470
ORDC03317,2018-05-23,12:43:56,Lunch,NS,"[('Chicken', 2), ('Steak', 2), ('Fries', 7), ('Salad', 7), ('Burger', 10)]",668.4000,-37.8152,144.9880,0,8.9640,14.3682
ORDI00636,2018-11-29,18:59:09,Dinner,NS,"[('Salmon', 7), ('Fish&Chips', 2), ('Shrimp', 1), ('Pasta', 5)]",548.5000,-37.8162,144.9770,0,8.3040,14.5888
ORDZ04341,2018-12-05,19:09:17,Dinner,NS,"[('Pasta', 9), ('Salmon', 4), ('Shrimp', 6)]",735.5000,-37.8095,145.0089,0,10.4260,16.7709
ORDC01302,2018-09-13,16:27:02,Dinner,NS,"[('Pasta', 6), ('Fish&Chips', 2), ('Salmon', 9), ('Shrimp', 1)]",658.0000,-37.8008,144.9535,0,7.6900,13.5845
ORDX03312,2018-04-14,11:22:49,Breakfast,BK,"[('Cereal', 10), ('Pancake', 2)]",258.5000,-37.8180,144.9945,0,5.2690,13.2967
ORDZ05260,2018-01-18,08:30:25,Breakfast,,"[('Pancake', 6), ('Cereal', 9), ('Coffee', 7)]",387.0000,-37.8000,144.9633,1,,6.4418
ORDX10192,2018-03-09,10:11:49,Breakfast,,"[('Coffee', 2), ('Cereal', 9), ('Pancake', 6)]",349.5000,-37.8198,144.9651,0,,12.7597
ORDY10236,2018-06-14,13:24:30,Lunch,TP,"[('Chicken', 1), ('Salad', 9)]",186.8000,-37.8279,144.9843,0,9.0120,12.4939
ORDB07866,2018-12-26,20:00:00,Dinner,TP,"[('Pasta', 4), ('Salmon', 10)]",520.0000,-37.8156,144.9582,0,8.1800,12.6891
ORDK10477,2018-05-17,12:23:39,Lunch,BK,"[('Chicken', 6), ('Fries', 10), ('Steak', 5), ('Salad', 3), ('Burger', 7)]",805.6000,-37.8196,144.9636,0,7.9210,13.7744
ORDX02306,2018-06-26,13:44:47,Lunch,BK,"[('Burger', 10), ('Chicken', 6), ('Salad', 6)]",605.2000,-37.8026,144.9705,0,7.3610,13.0812
ORDY02893,2018-06-26,13:44:47,Lunch,TP,"[('Steak', 4), ('Chicken', 6)]",372.0000,-37.8257,144.9845,0,8.9390,12.3542
ORDA02978,2018-06-09,13:14:21,Lunch,BK,"[('Burger', 4), ('Chicken', 9)]",412.0000,-37.8261,144.9580,0,9.0780,17.2376
ORDZ07882,2018-07-03,14:05:04,Lunch,NS,"[('Fries', 4), ('Steak', 5), ('Chicken', 4), ('Burger', 3)]",494.0000,-37.8076,144.9629,0,7.3850,12.9770
ORDJ03843,2018-04-01,10:52:23,Breakfast,TP,"[('Eggs', 4), ('Pancake', 9)]",306.2500,-37.8197,144.9796,0,8.7410,12.8670
ORDK01364,2018-05-25,12:43:56,Lunch,BK,"[('Chicken', 5), ('Fries', 9), ('Burger', 8), ('Steak', 7)]",831.0000,-37.8132,144.9682,0,7.3100,12.6118
ORDJ00542,2018-03-26,10:42:15,Breakfast,TP,"[('Cereal', 3), ('Eggs', 2), ('Coffee', 7)]",159.5000,-37.8055,144.9736,0,9.5160,11.7323
ORDX09283,2018-03-17,10:21:58,Breakfast,BK,"[('Eggs', 5), ('Pancake', 10), ('Coffee', 8), ('Cereal', 8)]",580.5000,-37.8075,144.9425,0,9.5060,17.4518
ORDX09711,2018-04-06,11:02:32,Breakfast,BK,"[('Cereal', 3), ('Coffee', 5), ('Pancake', 7)]",270.2500,-37.8034,144.9572,0,8.0770,12.7871
ORDX03373,2018-08-30,15:56:37,Lunch,BK,"[('Burger', 4), ('Fries', 4), ('Salad', 9)]",326.8000,-37.8082,144.9759,0,6.2860,12.4365
ORDC03534,2018-06-07,13:14:21,Lunch,,"[('Steak', 6), ('Burger', 6)]",456.0000,-37.8253,144.9585,0,,15.6193
ORDY03344,2018-12-31,20:00:00,Dinner,TP,"[('Pasta', 5), ('Salmon', 4), ('Fish&Chips', 9)]",616.5000,-37.8028,145.0068,0,12.3880,15.8625
ORDC00834,2018-09-08,16:16:54,Dinner,NS,"[('Pasta', 10), ('Salmon', 7)]",562.0000,-37.8087,144.9259,0,10.1990,18.3028
ORDY00788,2018-04-19,11:32:57,Breakfast,TP,"[('Cereal', 9), ('Coffee', 10), ('Pancake', 5)]",385.2500,-37.8043,144.9420,0,10.3110,12.4853
ORDY09955,2018-06-24,13:44:47,Lunch,TP,"[('Salad', 8), ('Chicken', 3)]",233.6000,-37.8250,144.9828,0,8.9630,14.3492
ORDJ10398,2018-06-08,13:14:21,Lunch,TP,"[('Salad', 1), ('Fries', 8), ('Burger', 8), ('Steak', 7), ('Chicken', 10)]",996.2000,-37.8193,144.9834,0,9.1630,12.6258
ORDI08469,2018-01-03,08:00:00,Breakfast,NS,"[('Coffee', 4), ('Pancake', 9)]",248.2500,-37.7992,145.0134,1,10.4970,7.1922
ORDX00656,2018-11-04,18:08:27,Dinner,BK,"[('Salmon', 3), ('Fish&Chips', 6), ('Pasta', 8)]",553.0000,-37.8113,144.9528,0,8.4590,17.8258
ORDB03927,2018-06-02,13:04:13,Lunch,TP,"[('Burger', 5), ('Salad', 3), ('Chicken', 1), ('Fries', 9), ('Steak', 10)]",796.6000,-37.8167,144.9698,0,7.9770,12.9975
ORDK09202,2018-03-31,10:52:23,Breakfast,BK,"[('Coffee', 2), ('Cereal', 5)]",120.0000,-37.8047,144.9200,0,11.6490,19.1087
ORDB07601,2018-10-01,16:57:27,Dinner,TP,"[('Pasta', 9), ('Salmon', 3), ('Shrimp', 9)]",856.5000,-37.8129,144.9430,0,9.8330,13.9023
ORDA04376,2018-10-10,17:17:44,Dinner,BK,"[('Shrimp', 7), ('Salmon', 3), ('Pasta', 4), ('Fish&Chips', 6)]",821.0000,-37.8124,144.9536,0,8.5200,15.4557
ORDB03337,2018-01-16,08:20:16,Breakfast,TP,"[('Pancake', 1), ('Cereal', 1), ('Eggs', 8)]",221.2500,-37.8161,144.9726,1,8.2190,5.5040
ORDX01319,2018-05-31,12:54:05,Lunch,BK,"[('Chicken', 6), ('Burger', 9), ('Steak', 7), ('Salad', 8), ('Fries', 4)]",971.6000,-37.8053,144.9953,0,5.0000,10.5530
ORDB09594,2018-09-16,16:27:02,Dinner,,"[('Salmon', 4), ('Pasta', 7)]",356.5000,-37.8129,144.9564,0,8.5780,14.0178
ORDJ04821,2018-01-31,08:50:42,Breakfast,,"[('Eggs', 8), ('Pancake', 2), ('Coffee', 7), ('Cereal', 3)]",340.0000,-37.8217,144.9307,0,10.3940,12.9151
ORDZ08692,2018-01-04,08:00:00,Breakfast,NS,"[('Coffee', 6), ('Cereal', 1), ('Eggs', 9)]",264.0000,-37.8032,144.9367,1,10.1060,7.9862
ORDK01679,2018-01-17,08:30:25,Breakfast,BK,"[('Cereal', 4), ('Coffee', 2), ('Pancake', 6), ('Eggs', 1)]",266.5000,-37.8088,145.0086,1,3.6420,8.4319
ORDY04745,2018-04-05,11:02:32,Breakfast,,"[('Cereal', 9), ('Coffee', 4), ('Eggs', 5)]",329.0000,-37.8189,144.9522,0,8.6330,11.4528
ORDY05475,2018-08-07,15:16:03,Lunch,TP,"[('Steak', 5), ('Fries', 2)]",249.0000,-37.8124,144.9540,0,8.8460,12.1200
ORDY09363,2018-07-09,14:15:12,Lunch,,"[('Salad', 3), ('Fries', 1)]",63.6000,-37.8258,144.9828,0,,12.2055
ORDI05521,2018-03-15,10:21:58,Breakfast,NS,"[('Cereal', 4), ('Pancake', 10), ('Eggs', 9), ('Coffee', 7)]",577.0000,-37.8032,144.9484,0,8.5040,13.1483
ORDC06550,2018-06-04,13:04:13,Lunch,NS,"[('Steak', 6), ('Burger', 10), ('Chicken', 7), ('Salad', 10), ('Fries', 6)]",1048.0000,-37.8202,144.9707,0,8.7630,14.1004
ORDC02267,2018-02-28,09:51:32,Breakfast,,"[('Eggs', 6), ('Pancake', 4)]",229.0000,-37.8209,144.9987,0,10.2410,15.4513
ORDY00473,2018-11-23,18:49:00,Dinner,TP,"[('Fish&Chips', 10), ('Pasta', 2), ('Shrimp', 10)]",945.0000,-37.8073,144.9683,0,9.1840,13.7074
ORDJ10831,2018-02-13,09:21:07,Breakfast,TP,"[('Eggs', 2), ('Pancake', 2), ('Cereal', 3)]",155.5000,-37.8113,145.0098,0,11.8870,14.1291
ORDB09816,2018-02-05,09:00:50,Breakfast,TP,"[('Pancake', 2), ('Cereal', 8)]",216.5000,-37.8198,145.0107,0,11.5420,14.4311
ORDY09640,2018-05-27,12:43:56,Lunch,TP,"[('Chicken', 9), ('Fries', 4), ('Salad', 2)]",370.4000,-37.8146,144.9934,0,10.2910,14.7793
ORDC00892,2018-06-24,13:44:47,Lunch,,"[('Fries', 1), ('Chicken', 9), ('Burger', 3)]",393.0000,-37.8250,144.9828,0,9.4690,16.7558
ORDJ03082,2018-06-15,13:24:30,Lunch,TP,"[('Fries', 4), ('Steak', 6), ('Chicken', 3)]",414.0000,-37.8126,144.9429,0,9.8500,12.8311
ORDY03340,2018-03-08,10:11:49,Breakfast,TP,"[('Cereal', 5), ('Eggs', 10), ('Pancake', 1), ('Coffee', 9)]",416.7500,-37.8187,144.9838,0,9.1670,11.6840
ORDA03622,2018-08-12,15:26:11,Lunch,BK,"[('Steak', 10), ('Burger', 5)]",605.0000,-37.8047,144.9894,0,5.5320,13.6360
ORDJ03927,2018-04-01,10:52:23,Breakfast,,"[('Eggs', 10), ('Pancake', 6)]",365.5000,-37.8190,144.9543,0,8.3920,12.7729
ORDA00440,2018-02-06,09:10:59,Breakfast,,"[('Cereal', 1), ('Eggs', 2)]",65.0000,-37.8222,144.9367,0,,15.6380
ORDA09087,2018-01-01,08:00:00,Breakfast,BK,"[('Coffee', 7), ('Cereal', 7), ('Pancake', 6), ('Eggs', 7)]",499.0000,-37.8042,144.9583,1,7.9350,6.9797
ORDA09323,2018-07-12,14:15:12,Lunch,BK,"[('Burger', 6), ('Fries', 8), ('Steak', 10), ('Salad', 2)]",766.4000,-37.8220,144.9507,0,8.9910,14.9444
ORDJ02072,2018-08-24,15:46:28,Lunch,,"[('Burger', 7), ('Salad', 3), ('Steak', 10), ('Fries', 8), ('Chicken', 9)]",1102.6000,-37.8176,144.9694,0,7.9350,11.0609
ORDX05770,2018-02-10,09:21:07,Breakfast,BK,"[('Pancake', 10), ('Coffee', 9), ('Cereal', 8)]",478.0000,-37.8109,144.9674,0,7.1860,14.3291
ORDB06122,2018-08-07,15:16:03,Lunch,,"[('Chicken', 8), ('Steak', 2), ('Salad', 6), ('Burger', 2), ('Fries', 6)]",583.2000,-37.8102,144.9615,0,,11.9306
ORDI08452,2018-02-04,09:00:50,Breakfast,NS,"[('Cereal', 6), ('Coffee', 9), ('Eggs', 1)]",215.5000,-37.8196,144.9601,0,8.9500,15.9498
ORDX00159,2018-11-22,18:49:00,Dinner,BK,"[('Salmon', 10), ('Fish&Chips', 3), ('Pasta', 10)]",790.0000,-37.8111,144.9731,0,6.7640,13.4097
ORDZ03873,2018-08-05,15:05:54,Lunch,NS,"[('Chicken', 7), ('Burger', 6), ('Steak', 6), ('Salad', 9), ('Fries', 6)]",906.8000,-37.8133,144.9515,0,8.5840,15.9784
ORDI10275,2018-08-14,15:26:11,Lunch,NS,"[('Chicken', 5), ('Burger', 9), ('Fries', 7)]",523.0000,-37.8233,144.9999,0,10.6120,16.1048
ORDZ07295,2018-09-11,16:16:54,Dinner,NS,"[('Pasta', 5), ('Fish&Chips', 8)]",417.5000,-37.8083,144.9212,0,10.6130,16.7497
ORDC09728,2018-08-05,15:05:54,Lunch,NS,"[('Chicken', 8), ('Burger', 8), ('Fries', 7)]",588.0000,-37.8109,144.9688,0,7.4600,14.9852
ORDB04912,2018-07-14,14:25:21,Lunch,TP,"[('Steak', 3), ('Chicken', 1), ('Burger', 8), ('Salad', 1)]",432.2000,-37.8189,145.0018,0,10.7480,15.2199
ORDY06529,2018-04-18,11:32:57,Breakfast,TP,"[('Cereal', 1), ('Pancake', 10), ('Coffee', 2), ('Eggs', 8)]",454.5000,-37.8133,144.9739,0,8.6150,11.2290
ORDB02883,2018-11-17,18:38:52,Dinner,TP,"[('Pasta', 5), ('Fish&Chips', 4), ('Salmon', 1), ('Shrimp', 6)]",642.5000,-37.8015,144.9661,0,9.7450,15.3327
ORDJ04755,2018-02-22,09:41:24,Breakfast,,"[('Pancake', 2), ('Eggs', 8)]",224.5000,-37.8260,144.9843,0,,11.8393
ORDC10673,2018-08-07,15:16:03,Lunch,NS,"[('Chicken', 5), ('Salad', 6), ('Fries', 1)]",275.2000,-37.8149,144.9377,0,9.8450,15.2097
ORDI07293,2018-02-03,09:00:50,Breakfast,NS,"[('Eggs', 1), ('Cereal', 10)]",232.0000,-37.8226,144.9610,0,9.2130,16.3918
ORDI07654,2018-07-08,14:15:12,Lunch,,"[('Steak', 1), ('Burger', 5), ('Chicken', 7), ('Fries', 3)]",460.0000,-37.8211,144.9550,0,,16.8560
ORDZ04927,2018-03-03,10:01:41,Breakfast,NS,"[('Pancake', 6), ('Eggs', 10), ('Cereal', 2)]",407.5000,-37.8185,144.9759,0,8.3050,15.6761
ORDZ08414,2018-03-04,10:01:41,Breakfast,,"[('Cereal', 1), ('Coffee', 1), ('Pancake', 3), ('Eggs', 2)]",145.2500,-37.8024,144.9631,0,,13.9237
ORDK08874,2018-07-06,14:05:04,Lunch,,"[('Fries', 9), ('Steak', 6), ('Salad', 8), ('Chicken', 10)]",835.6000,-37.8106,144.9964,0,,10.6145
ORDJ07020,2018-06-10,13:14:21,Lunch,TP,"[('Salad', 10), ('Chicken', 4), ('Fries', 10), ('Burger', 4)]",544.0000,-37.8010,144.9926,0,11.1840,15.0512
ORDA01774,2018-07-31,14:55:46,Lunch,,"[('Fries', 3), ('Salad', 8), ('Steak', 5)]",398.6000,-37.8110,144.9900,0,5.1220,11.2590
ORDA05084,2018-07-29,14:55:46,Lunch,BK,"[('Steak', 9), ('Fries', 9), ('Burger', 9), ('Chicken', 9)]",1080.0000,-37.8121,144.9738,0,6.7720,14.6185
ORDI00917,2018-07-21,14:35:29,Lunch,NS,"[('Burger', 5), ('Fries', 9), ('Salad', 4)]",331.8000,-37.8260,144.9818,0,9.3330,16.5154
ORDK09011,2018-03-19,10:32:06,Breakfast,BK,"[('Pancake', 2), ('Cereal', 2), ('Eggs', 1), ('Coffee', 7)]",165.0000,-37.8198,144.9798,0,7.1740,12.1112
ORDC03839,2018-06-01,12:54:05,Lunch,NS,"[('Salad', 2), ('Chicken', 7), ('Burger', 8), ('Fries', 5)]",566.4000,-37.8182,144.9759,0,8.2940,13.6588
ORDZ05321,2018-10-29,17:58:18,Dinner,NS,"[('Shrimp', 7), ('Fish&Chips', 4), ('Pasta', 1), ('Salmon', 6)]",791.5000,-37.8080,144.9734,0,7.1020,13.5931
ORDY05168,2018-07-28,14:55:46,Lunch,TP,"[('Salad', 9), ('Burger', 6)]",340.8000,-37.8049,144.9880,0,10.5690,15.3450
ORDK11111,2018-06-19,13:34:38,Lunch,BK,"[('Steak', 3), ('Chicken', 2), ('Salad', 9), ('Burger', 1)]",384.8000,-37.8212,144.9615,0,8.1890,14.0214
ORDB04238,2018-05-04,12:03:22,Lunch,,"[('Salad', 3), ('Burger', 2), ('Chicken', 4), ('Steak', 10), ('Fries', 9)]",799.6000,-37.8098,144.9464,0,,12.1687
ORDZ08389,2018-08-03,15:05:54,Lunch,,"[('Steak', 2), ('Chicken', 4), ('Salad', 9)]",372.8000,-37.8122,144.9736,0,,12.8036
ORDK04811,2018-04-20,11:32:57,Breakfast,BK,"[('Eggs', 8), ('Pancake', 1), ('Cereal', 4)]",284.2500,-37.8038,144.9434,0,9.2830,14.2981
ORDA10225,2018-03-08,10:11:49,Breakfast,BK,"[('Cereal', 7), ('Coffee', 2), ('Pancake', 8), ('Eggs', 10)]",576.0000,-37.8050,144.9832,0,6.0960,10.9623
ORDC05097,2018-04-12,11:22:49,Breakfast,NS,"[('Eggs', 6), ('Pancake', 3)]",204.7500,-37.8013,144.9429,0,8.7610,13.7909
ORDZ10616,2018-06-23,13:44:47,Lunch,,"[('Chicken', 1), ('Salad', 1), ('Burger', 3)]",142.2000,-37.8165,144.9925,0,9.4500,16.8800
ORDX00940,2018-07-19,14:35:29,Lunch,BK,"[('Chicken', 2), ('Salad', 10)]",236.0000,-37.8098,145.0159,0,4.1690,9.9723
ORDI02191,2018-11-18,18:38:52,Dinner,,"[('Shrimp', 2), ('Fish&Chips', 8), ('Pasta', 5)]",525.5000,-37.8107,145.0023,0,,17.7139
ORDK00657,2018-06-05,13:04:13,Lunch,BK,"[('Salad', 5), ('Chicken', 10)]",406.0000,-37.8029,144.9445,0,9.2300,15.2682
ORDA08920,2018-01-19,08:30:25,Breakfast,BK,"[('Coffee', 2), ('Cereal', 10), ('Eggs', 10), ('Pancake', 5)]",566.2500,-37.8228,144.9474,0,9.4350,14.2694
ORDZ10662,2018-09-14,16:27:02,Dinner,NS,"[('Salmon', 7), ('Fish&Chips', 10)]",637.0000,-37.8155,144.9355,0,10.0800,15.9978
ORDJ07698,2018-10-22,17:48:10,Dinner,TP,"[('Salmon', 6), ('Fish&Chips', 6)]",456.0000,-37.8085,144.9455,0,9.8410,14.1876
ORDB01000,2018-09-26,16:47:19,Dinner,TP,"[('Pasta', 10), ('Fish&Chips', 7)]",520.0000,-37.8161,144.9722,0,8.1850,12.5813
ORDX02585,2018-05-18,12:33:48,Lunch,,"[('Fries', 8), ('Burger', 6)]",282.0000,-37.8157,144.9576,0,,14.4683
ORDK06921,2018-06-09,13:14:21,Lunch,BK,"[('Steak', 1), ('Fries', 6)]",117.0000,-37.8040,144.9176,0,11.6320,20.1967
ORDZ09539,2018-01-01,08:00:00,Breakfast,NS,"[('Coffee', 1), ('Eggs', 7), ('Pancake', 2), ('Cereal', 9)]",399.0000,-37.8042,144.9585,1,7.5330,12.5258
ORDX07500,2018-04-10,11:12:40,Breakfast,,"[('Eggs', 1), ('Pancake', 10)]",264.5000,-37.8079,144.9732,0,,10.8987
ORDY09778,2018-02-19,09:31:16,Breakfast,TP,"[('Pancake', 7), ('Eggs', 6)]",301.7500,-37.8025,144.9350,0,10.9520,13.0105
ORDK03225,2018-06-24,13:44:47,Lunch,BK,"[('Steak', 3), ('Chicken', 7), ('Fries', 1), ('Burger', 2), ('Salad', 9)]",587.8000,-37.8108,144.9459,0,9.1670,17.6085
ORDX04899,2018-01-05,08:00:00,Breakfast,BK,"[('Eggs', 2), ('Coffee', 1), ('Pancake', 3), ('Cereal', 6)]",250.2500,-37.8122,144.9388,1,9.8890,7.3249
ORDK03612,2018-01-06,08:10:08,Breakfast,BK,"[('Coffee', 7), ('Eggs', 8), ('Cereal', 5), ('Pancake', 10)]",576.0000,-37.8000,144.9487,1,9.0120,8.2658
ORDX05073,2018-10-11,17:17:44,Dinner,BK,"[('Shrimp', 9), ('Pasta', 6)]",651.0000,-37.8121,144.9531,0,8.4330,15.2781
ORDK10807,2018-07-05,14:05:04,Lunch,BK,"[('Chicken', 9), ('Salad', 6), ('Burger', 1)]",422.2000,-37.8003,144.9604,0,8.2580,14.4356
ORDK06350,2018-08-20,15:36:20,Lunch,BK,"[('Burger', 10), ('Salad', 6)]",413.2000,-37.8037,144.9550,0,8.2360,13.4818
ORDY02854,2018-07-23,14:45:38,Lunch,TP,"[('Chicken', 10), ('Salad', 6), ('Steak', 9), ('Burger', 1), ('Fries', 5)]",919.2000,-37.8249,144.9825,0,8.7690,12.3295
ORDC04390,2018-08-29,15:56:37,Lunch,NS,"[('Fries', 1), ('Chicken', 6), ('Burger', 9), ('Salad', 4)]",551.8000,-37.8184,144.9685,0,8.6300,14.0071
ORDK08370,2018-07-03,14:05:04,Lunch,,"[('Steak', 3), ('Chicken', 4), ('Salad', 10)]",435.0000,-37.8096,144.9646,0,7.3360,12.8917
ORDY04530,2018-05-12,12:13:31,Lunch,,"[('Salad', 7), ('Chicken', 3), ('Burger', 7), ('Steak', 4)]",613.4000,-37.8009,144.9625,0,9.6570,15.0873
ORDK03817,2018-03-06,10:01:41,Breakfast,BK,"[('Cereal', 7), ('Coffee', 10)]",222.0000,-37.8130,144.9513,0,8.5690,13.3197
ORDC05192,2018-02-16,09:31:16,Breakfast,NS,"[('Coffee', 3), ('Eggs', 6), ('Pancake', 7)]",324.2500,-37.8018,144.9457,0,8.5120,13.3452
ORDC07990,2018-08-29,15:56:37,Lunch,NS,"[('Steak', 7), ('Chicken', 10)]",635.0000,-37.8205,144.9541,0,9.4490,14.6961
ORDC10290,2018-03-18,10:32:06,Breakfast,NS,"[('Pancake', 5), ('Eggs', 5), ('Coffee', 2)]",246.2500,-37.8113,144.9729,0,7.4220,14.0929
ORDY05768,2018-07-20,14:35:29,Lunch,TP,"[('Steak', 4), ('Chicken', 10), ('Burger', 3), ('Fries', 5), ('Salad', 4)]",721.8000,-37.8222,144.9477,0,8.8820,12.5279
ORDX10110,2018-12-11,19:19:26,Dinner,BK,"[('Shrimp', 8), ('Salmon', 2), ('Pasta', 2)]",569.0000,-37.8210,144.9660,0,8.0220,15.1177
ORDC04273,2018-12-17,19:39:43,Dinner,,"[('Pasta', 7), ('Shrimp', 3)]",354.5000,-37.8062,144.9515,0,8.4220,14.4089
ORDK00378,2018-07-31,14:55:46,Lunch,BK,"[('Salad', 5), ('Chicken', 1), ('Burger', 6), ('Fries', 3), ('Steak', 9)]",745.0000,-37.8009,144.9685,0,7.6090,13.3855
ORDZ03955,2018-10-05,17:07:36,Dinner,NS,"[('Fish&Chips', 6), ('Shrimp', 1), ('Salmon', 9), ('Pasta', 1)]",660.5000,-37.8082,144.9559,0,8.0520,13.8907
ORDB03019,2018-12-21,19:39:43,Dinner,TP,"[('Pasta', 1), ('Fish&Chips', 10), ('Salmon', 9)]",746.5000,-37.8141,144.9329,0,11.2120,15.4432
ORDZ01041,2018-11-06,18:08:27,Dinner,NS,"[('Pasta', 9), ('Shrimp', 6)]",571.5000,-37.8152,144.9636,0,8.1460,13.9771
ORDY03433,2018-05-08,12:13:31,Lunch,TP,"[('Burger', 1), ('Steak', 1), ('Fries', 10), ('Chicken', 1)]",228.0000,-37.8049,144.9707,0,9.8450,12.7224
ORDZ06517,2018-08-07,15:16:03,Lunch,NS,"[('Fries', 9), ('Chicken', 1), ('Burger', 2)]",202.0000,-37.8116,144.9568,0,8.0720,13.5770
ORDX09569,2018-03-26,10:42:15,Breakfast,BK,"[('Coffee', 2), ('Pancake', 10)]",257.5000,-37.8089,144.9729,0,6.6260,11.5732
ORDC01738,2018-03-15,10:21:58,Breakfast,NS,"[('Eggs', 9), ('Cereal', 3)]",261.0000,-37.8077,144.9706,0,7.0150,11.8996
ORDJ08107,2018-12-08,19:19:26,Dinner,TP,"[('Shrimp', 3), ('Pasta', 6), ('Salmon', 2), ('Fish&Chips', 5)]",584.0000,-37.8244,144.9484,0,8.7830,14.9177
ORDJ06950,2018-07-01,13:54:55,Lunch,,"[('Chicken', 3), ('Steak', 2), ('Fries', 2)]",210.0000,-37.8107,144.9598,0,,13.4822
ORDC08992,2018-06-27,13:54:55,Lunch,,"[('Fries', 2), ('Salad', 10)]",196.0000,-37.8250,144.9849,0,,14.5190
ORDZ02889,2018-09-14,16:27:02,Dinner,,"[('Fish&Chips', 1), ('Shrimp', 8), ('Salmon', 7)]",754.0000,-37.8023,144.9430,0,,15.0206
ORDJ04153,2018-03-06,10:01:41,Breakfast,,"[('Coffee', 8), ('Eggs', 7), ('Pancake', 9), ('Cereal', 4)]",516.2500,-37.8098,144.9765,0,,12.0768
ORDK02926,2018-03-08,10:11:49,Breakfast,BK,"[('Cereal', 2), ('Coffee', 6)]",87.0000,-37.8082,144.9730,0,6.5390,11.4191
ORDX04873,2018-10-31,17:58:18,Dinner,,"[('Salmon', 8), ('Shrimp', 3), ('Pasta', 2), ('Fish&Chips', 9)]",860.0000,-37.8120,144.9614,0,7.7730,14.6047
ORDC04927,2018-08-06,15:05:54,Lunch,NS,"[('Burger', 1), ('Fries', 3), ('Steak', 3), ('Chicken', 4)]",330.0000,-37.8121,144.9885,0,8.6680,14.1910
ORDC06286,2018-03-07,10:01:41,Breakfast,NS,"[('Pancake', 5), ('Coffee', 10), ('Cereal', 3), ('Eggs', 4)]",347.2500,-37.8190,144.9847,0,8.9720,13.8120
ORDB00578,2018-07-31,14:55:46,Lunch,TP,"[('Salad', 10), ('Fries', 8), ('Chicken', 3), ('Burger', 2)]",426.0000,-37.8195,144.9773,0,8.6610,11.6649
ORDX01801,2018-09-02,16:06:45,Dinner,BK,"[('Fish&Chips', 5), ('Shrimp', 7), ('Pasta', 4), ('Salmon', 10)]",1073.0000,-37.8117,144.9716,0,6.9200,16.2885
ORDK01450,2018-06-09,13:14:21,Lunch,BK,"[('Salad', 5), ('Burger', 2), ('Chicken', 3), ('Steak', 2), ('Fries', 7)]",418.0000,-37.8042,144.9484,0,8.8530,17.2847
ORDJ02477,2018-04-20,11:32:57,Breakfast,TP,"[('Cereal', 4), ('Pancake', 7), ('Coffee', 6)]",298.7500,-37.8189,144.9528,0,8.5760,10.9921
ORDZ07334,2018-01-04,08:00:00,Breakfast,NS,"[('Cereal', 9), ('Pancake', 7), ('Coffee', 4)]",388.7500,-37.8000,145.0184,1,10.8200,8.1736
ORDI06507,2018-10-08,17:17:44,Dinner,NS,"[('Fish&Chips', 10), ('Shrimp', 1)]",404.0000,-37.8157,144.9583,0,8.5260,14.7317
ORDJ00668,2018-01-01,08:00:00,Breakfast,TP,"[('Cereal', 3), ('Eggs', 4), ('Pancake', 9)]",369.2500,-37.8045,144.9389,1,10.6140,6.8291
ORDX00109,2018-08-25,15:46:28,Lunch,BK,"[('Steak', 7), ('Burger', 3), ('Chicken', 10), ('Salad', 3)]",779.6000,-37.8200,144.9802,0,7.1400,16.1567
ORDA10814,2018-10-09,17:17:44,Dinner,,"[('Shrimp', 5), ('Salmon', 1), ('Pasta', 4), ('Fish&Chips', 6)]",631.0000,-37.8119,144.9458,0,9.3000,16.5830
ORDC03412,2018-05-03,12:03:22,Lunch,NS,"[('Fries', 7), ('Burger', 10)]",394.0000,-37.8204,144.9266,0,11.4920,17.0529
ORDA09779,2018-06-29,13:54:55,Lunch,BK,"[('Chicken', 5), ('Salad', 4), ('Steak', 6), ('Fries', 10), ('Burger', 8)]",866.8000,-37.8280,144.9865,0,7.9040,13.2192
ORDA01131,2018-08-06,15:05:54,Lunch,BK,"[('Salad', 9), ('Chicken', 2), ('Burger', 3), ('Fries', 2)]",335.8000,-37.8231,144.9704,0,7.9380,13.7437
ORDX09027,2018-11-10,18:18:35,Dinner,BK,"[('Shrimp', 2), ('Pasta', 6)]",273.0000,-37.8167,144.9712,0,7.9500,17.2279
ORDC09962,2018-10-31,17:58:18,Dinner,,"[('Shrimp', 10), ('Fish&Chips', 2), ('Salmon', 6)]",856.0000,-37.8197,144.9515,0,,15.8879
ORDB06826,2018-01-09,08:10:08,Breakfast,TP,"[('Eggs', 9), ('Cereal', 4), ('Coffee', 1), ('Pancake', 8)]",483.5000,-37.8106,144.9680,1,8.7250,5.4181
ORDY04805,2018-05-19,12:33:48,Lunch,TP,"[('Chicken', 3), ('Steak', 5), ('Fries', 4), ('Salad', 9)]",523.8000,-37.8036,144.9546,0,9.5890,14.8434
ORDK06662,2018-03-09,10:11:49,Breakfast,BK,"[('Pancake', 3), ('Cereal', 7), ('Eggs', 1)]",241.7500,-37.8164,144.9654,0,7.6470,12.2574
ORDJ08451,2018-10-21,17:38:01,Dinner,TP,"[('Pasta', 9), ('Fish&Chips', 10), ('Shrimp', 1), ('Salmon', 10)]",1061.5000,-37.8072,144.9925,0,10.6270,15.9446
ORDY02994,2018-12-22,19:49:51,Dinner,,"[('Salmon', 8), ('Fish&Chips', 8), ('Pasta', 3)]",690.5000,-37.8078,144.9657,0,8.9780,14.5189
ORDA09966,2018-03-04,10:01:41,Breakfast,BK,"[('Eggs', 5), ('Cereal', 9), ('Coffee', 4)]",329.0000,-37.8024,144.9632,0,7.8360,15.2630
ORDJ05608,2018-11-29,18:59:09,Dinner,TP,"[('Salmon', 1), ('Fish&Chips', 4), ('Shrimp', 10), ('Pasta', 7)]",913.5000,-37.8251,144.9244,0,11.0670,15.0271
ORDI04834,2018-10-09,17:17:44,Dinner,NS,"[('Shrimp', 9), ('Pasta', 5), ('Fish&Chips', 4)]",763.5000,-37.8123,144.9520,0,8.6400,14.3189
ORDC09743,2018-01-22,08:40:33,Breakfast,NS,"[('Cereal', 9), ('Coffee', 9), ('Pancake', 2), ('Eggs', 3)]",371.0000,-37.8126,144.9725,0,7.6290,12.7260
ORDY08503,2018-01-03,08:00:00,Breakfast,TP,"[('Cereal', 9), ('Coffee', 7), ('Pancake', 7)]",411.2500,-37.8009,145.0155,1,13.6570,15.4246
ORDX07829,2018-02-17,09:31:16,Breakfast,BK,"[('Eggs', 8), ('Cereal', 2), ('Coffee', 1), ('Pancake', 7)]",395.2500,-37.8040,144.9500,0,8.8580,15.6575
ORDB02988,2018-03-08,10:11:49,Breakfast,TP,"[('Cereal', 10), ('Coffee', 4)]",240.0000,-37.8079,144.9734,0,9.2480,12.4249
ORDC06258,2018-07-01,13:54:55,Lunch,NS,"[('Chicken', 10), ('Fries', 10), ('Burger', 8), ('Salad', 2)]",722.4000,-37.8154,144.9667,0,8.0740,16.4832
ORDK02364,2018-01-22,08:40:33,Breakfast,BK,"[('Coffee', 9), ('Cereal', 5), ('Eggs', 4)]",260.5000,-37.8150,144.9575,0,8.2320,13.3342
ORDK01280,2018-11-29,18:59:09,Dinner,BK,"[('Pasta', 2), ('Shrimp', 6), ('Fish&Chips', 2)]",449.0000,-37.8210,144.9827,0,6.6680,12.9403
ORDC09165,2018-10-08,17:17:44,Dinner,,"[('Fish&Chips', 6), ('Pasta', 3)]",292.5000,-37.8177,144.9591,0,8.7280,15.1421
ORDA02356,2018-06-22,13:44:47,Lunch,BK,"[('Steak', 8), ('Chicken', 10), ('Salad', 8), ('Burger', 1)]",848.6000,-37.8050,144.9919,0,5.3030,11.1416
ORDX03617,2018-08-17,15:36:20,Lunch,BK,"[('Burger', 10), ('Fries', 8), ('Chicken', 8)]",662.0000,-37.8224,144.9701,0,7.9720,13.5987
ORDK09690,2018-05-31,12:54:05,Lunch,BK,"[('Steak', 7), ('Salad', 1), ('Fries', 3), ('Burger', 9)]",647.2000,-37.8041,145.0052,0,5.3720,11.2520
ORDK07578,2018-01-15,08:20:16,Breakfast,,"[('Cereal', 3), ('Eggs', 8), ('Coffee', 3), ('Pancake', 9)]",479.7500,-37.8039,145.0015,1,5.0160,4.6965
ORDA03525,2018-01-02,08:00:00,Breakfast,,"[('Cereal', 10), ('Pancake', 8)]",404.0000,-37.8272,144.9940,1,,5.8162
ORDJ07269,2018-05-11,12:13:31,Lunch,TP,"[('Steak', 8), ('Burger', 4), ('Fries', 6), ('Chicken', 10), ('Salad', 10)]",1048.0000,-37.8247,144.9364,0,9.9380,13.7509
ORDJ03805,2018-11-26,18:59:09,Dinner,,"[('Fish&Chips', 10), ('Shrimp', 10), ('Salmon', 8), ('Pasta', 5)]",1355.5000,-37.8249,145.0111,0,11.5540,15.3977
ORDK09862,2018-10-07,17:17:44,Dinner,BK,"[('Shrimp', 2), ('Salmon', 8), ('Pasta', 4), ('Fish&Chips', 1)]",581.0000,-37.8089,144.9609,0,7.7540,17.3842
ORDC10928,2018-03-11,10:11:49,Breakfast,NS,"[('Coffee', 5), ('Eggs', 6)]",169.5000,-37.8045,144.9632,0,7.1000,14.6349
ORDB08569,2018-06-16,13:24:30,Lunch,TP,"[('Chicken', 8), ('Steak', 8), ('Salad', 5)]",702.0000,-37.8210,144.9687,0,7.6860,13.1670
ORDY08046,2018-02-21,09:41:24,Breakfast,TP,"[('Pancake', 8), ('Eggs', 3)]",260.0000,-37.7993,144.9878,0,10.9830,12.8421
ORDK09920,2018-12-30,20:00:00,Dinner,,"[('Salmon', 4), ('Fish&Chips', 2), ('Pasta', 7), ('Shrimp', 7)]",804.5000,-37.8154,144.9378,0,9.9840,19.6379
ORDB00010,2018-07-07,14:05:04,Lunch,TP,"[('Salad', 1), ('Burger', 10)]",327.2000,-37.8143,144.9862,0,9.5590,14.6203
ORDB03663,2018-04-02,11:02:32,Breakfast,TP,"[('Cereal', 1), ('Eggs', 5), ('Pancake', 1), ('Coffee', 7)]",207.7500,-37.8152,144.9525,0,8.8170,11.6628
ORDI03912,2018-07-22,14:45:38,Lunch,,"[('Salad', 4), ('Burger', 8), ('Chicken', 4), ('Fries', 9), ('Steak', 4)]",732.8000,-37.8237,145.0088,0,,18.9299
ORDK05541,2018-10-12,17:27:53,Dinner,BK,"[('Pasta', 8), ('Shrimp', 2)]",328.0000,-37.8181,144.9694,0,7.5990,14.5061
ORDB06571,2018-05-21,12:33:48,Lunch,TP,"[('Steak', 7), ('Salad', 9), ('Chicken', 5), ('Burger', 5), ('Fries', 8)]",880.8000,-37.8196,144.9779,0,8.6880,12.3049
ORDZ03011,2018-12-11,19:29:34,Dinner,NS,"[('Pasta', 1), ('Fish&Chips', 3)]",132.5000,-37.8011,144.9566,0,7.4620,13.2795
ORDK02648,2018-05-29,12:54:05,Lunch,BK,"[('Salad', 2), ('Steak', 7), ('Fries', 8), ('Chicken', 7), ('Burger', 9)]",948.4000,-37.8086,144.9554,0,8.2060,14.1350
ORDZ09009,2018-02-21,09:41:24,Breakfast,NS,"[('Pancake', 2), ('Coffee', 10)]",123.5000,-37.8134,145.0025,0,9.9480,15.0178
ORDZ10522,2018-03-24,10:42:15,Breakfast,NS,"[('Pancake', 6), ('Coffee', 1)]",153.0000,-37.8188,144.9821,0,8.8740,15.9460
ORDY10004,2018-01-23,08:40:33,Breakfast,TP,"[('Pancake', 9), ('Coffee', 7), ('Cereal', 7)]",417.7500,-37.8076,144.9324,0,10.8800,13.4631
ORDB07295,2018-02-27,09:51:32,Breakfast,TP,"[('Coffee', 1), ('Eggs', 8), ('Cereal', 5), ('Pancake', 1)]",312.7500,-37.8031,144.9297,0,11.3710,13.7506
ORDY07681,2018-02-09,09:10:59,Breakfast,TP,"[('Coffee', 5), ('Cereal', 1), ('Eggs', 8)]",234.5000,-37.7989,144.9593,0,9.9690,12.6101
ORDB10802,2018-12-11,19:29:34,Dinner,TP,"[('Salmon', 6), ('Fish&Chips', 7), ('Pasta', 8), ('Shrimp', 2)]",819.0000,-37.8013,144.9568,0,9.5910,13.8265
ORDA08280,2018-11-22,18:49:00,Dinner,BK,"[('Salmon', 1), ('Pasta', 6), ('Shrimp', 8), ('Fish&Chips', 3)]",743.0000,-37.8135,144.9310,0,11.2960,18.1709
ORDK08232,2018-02-18,09:31:16,Breakfast,BK,"[('Cereal', 9), ('Pancake', 8)]",383.0000,-37.8081,144.9435,0,9.3840,17.3503
ORDY07128,2018-09-07,16:16:54,Dinner,,"[('Salmon', 5), ('Fish&Chips', 3)]",310.0000,-37.8205,144.9768,0,8.7690,13.0717
ORDI00549,2018-01-26,08:50:42,Breakfast,NS,"[('Pancake', 10), ('Eggs', 4)]",330.5000,-37.8061,144.9289,0,10.5100,15.5927
ORDB10708,2018-06-15,13:24:30,Lunch,TP,"[('Salad', 4), ('Chicken', 5), ('Fries', 1), ('Burger', 9), ('Steak', 8)]",879.8000,-37.8133,144.9655,0,8.2330,11.9471
ORDB05526,2018-01-10,08:10:08,Breakfast,TP,"[('Pancake', 10), ('Eggs', 2), ('Cereal', 7), ('Coffee', 4)]",463.5000,-37.8068,144.9570,1,9.2720,5.9082
ORDX01922,2018-08-11,15:16:03,Lunch,BK,"[('Burger', 10), ('Fries', 8)]",406.0000,-37.8013,144.9638,0,7.9040,16.0919
ORDJ07414,2018-12-31,20:00:00,Dinner,TP,"[('Fish&Chips', 10), ('Pasta', 2), ('Shrimp', 3), ('Salmon', 2)]",649.0000,-37.8053,145.0053,0,12.0110,15.7683
ORDA03876,2018-03-23,10:42:15,Breakfast,,"[('Pancake', 8), ('Coffee', 1), ('Eggs', 5), ('Cereal', 1)]",332.5000,-37.8188,144.9169,0,,16.8997
ORDA02319,2018-11-28,18:59:09,Dinner,BK,"[('Salmon', 6), ('Pasta', 8), ('Shrimp', 5), ('Fish&Chips', 7)]",981.0000,-37.8208,144.9666,0,7.9540,14.8747
ORDB09394,2018-03-04,10:01:41,Breakfast,TP,"[('Cereal', 4), ('Pancake', 10), ('Eggs', 5)]",436.5000,-37.8212,144.9562,0,8.1180,12.8448
ORDK02726,2018-03-25,10:42:15,Breakfast,BK,"[('Cereal', 9), ('Pancake', 6)]",334.5000,-37.8124,144.9693,0,7.1480,14.5641
ORDI05333,2018-01-31,09:00:50,Breakfast,NS,"[('Eggs', 1), ('Pancake', 5), ('Coffee', 2), ('Cereal', 5)]",263.2500,-37.8235,144.9563,0,9.6050,14.3746
ORDJ07270,2018-04-30,11:53:14,Breakfast,TP,"[('Cereal', 2), ('Pancake', 10), ('Eggs', 4), ('Coffee', 3)]",395.0000,-37.8011,144.9528,0,9.8890,12.6459
ORDB07051,2018-09-29,16:57:27,Dinner,,"[('Pasta', 3), ('Fish&Chips', 9)]",397.5000,-37.8126,144.9738,0,8.7010,14.3503
ORDZ03250,2018-10-31,17:58:18,Dinner,NS,"[('Fish&Chips', 6), ('Shrimp', 4), ('Pasta', 8), ('Salmon', 3)]",769.0000,-37.8171,144.9962,0,9.8150,15.8685
ORDK00820,2018-03-08,10:11:49,Breakfast,,"[('Pancake', 1), ('Cereal', 1), ('Coffee', 1)]",52.7500,-37.8188,144.9838,0,6.3770,11.2416
ORDJ02640,2018-06-10,13:14:21,Lunch,TP,"[('Steak', 1), ('Chicken', 2), ('Fries', 3), ('Salad', 7)]",265.4000,-37.8208,144.9884,0,9.4690,14.8155
ORDK10549,2018-08-23,15:46:28,Lunch,BK,"[('Fries', 7), ('Chicken', 8)]",340.0000,-37.8117,144.9485,0,8.8800,14.5848
ORDC03578,2018-07-05,14:05:04,Lunch,NS,"[('Steak', 8), ('Burger', 6), ('Fries', 3), ('Chicken', 7)]",806.0000,-37.8227,144.9358,0,10.7350,16.1131
ORDK03244,2018-06-27,13:44:47,Lunch,BK,"[('Burger', 5), ('Fries', 4), ('Salad', 6)]",306.2000,-37.8108,145.0099,0,3.3360,9.3066
ORDZ01849,2018-09-01,15:56:37,Lunch,NS,"[('Burger', 6), ('Steak', 8), ('Fries', 3), ('Salad', 10), ('Chicken', 2)]",818.0000,-37.8172,144.9533,0,8.9740,16.9187
ORDZ06667,2018-01-10,08:10:08,Breakfast,,"[('Eggs', 3), ('Coffee', 7)]",118.5000,-37.8005,144.9559,1,7.5570,6.2531
ORDK08459,2018-07-26,14:45:38,Lunch,,"[('Steak', 3), ('Chicken', 3), ('Fries', 2), ('Salad', 1), ('Burger', 2)]",334.2000,-37.8038,144.9603,0,,13.2132
ORDI07143,2018-08-30,15:56:37,Lunch,,"[('Salad', 4), ('Steak', 2), ('Chicken', 5), ('Burger', 1), ('Fries', 6)]",421.8000,-37.8106,144.9434,0,,15.7985
ORDX06259,2018-03-10,10:11:49,Breakfast,BK,"[('Eggs', 10), ('Coffee', 5), ('Cereal', 5), ('Pancake', 9)]",580.7500,-37.8233,144.9763,0,7.3700,14.5930
ORDK03156,2018-11-21,18:38:52,Dinner,BK,"[('Salmon', 9), ('Shrimp', 2), ('Pasta', 7), ('Fish&Chips', 9)]",984.5000,-37.8082,144.9762,0,6.2700,13.2334
ORDC03346,2018-01-10,08:10:08,Breakfast,NS,"[('Eggs', 8), ('Coffee', 4)]",206.0000,-37.8140,144.9636,1,7.9710,6.4342
ORDA06777,2018-02-14,09:21:07,Breakfast,BK,"[('Cereal', 4), ('Pancake', 10)]",326.5000,-37.8109,145.0098,0,3.3220,8.4666
ORDB02714,2018-04-16,11:22:49,Breakfast,TP,"[('Coffee', 5), ('Eggs', 9)]",235.5000,-37.8105,144.9689,0,8.7960,11.4746
ORDJ03863,2018-03-26,10:42:15,Breakfast,TP,"[('Coffee', 2), ('Pancake', 3)]",87.7500,-37.8041,144.9737,0,9.6800,12.2874
ORDB07182,2018-03-24,10:42:15,Breakfast,TP,"[('Pancake', 4), ('Eggs', 8)]",273.0000,-37.8189,144.9818,0,8.8770,12.9516
ORDX05949,2018-03-11,10:11:49,Breakfast,BK,"[('Eggs', 6), ('Pancake', 4)]",229.0000,-37.8019,144.9636,0,7.8330,15.1764
ORDJ06070,2018-09-05,16:06:45,Dinner,TP,"[('Salmon', 2), ('Fish&Chips', 1)]",117.0000,-37.8152,144.9276,0,11.7510,15.8702
ORDJ06850,2018-03-02,09:51:32,Breakfast,TP,"[('Cereal', 4), ('Coffee', 5)]",121.5000,-37.8179,144.9679,0,7.7140,10.5467
ORDX00896,2018-12-13,19:29:34,Dinner,BK,"[('Shrimp', 10), ('Salmon', 10)]",950.0000,-37.8179,144.9295,0,10.7970,17.3491
ORDX01255,2018-12-17,19:39:43,Dinner,BK,"[('Shrimp', 6), ('Fish&Chips', 8), ('Pasta', 1), ('Salmon', 9)]",1000.5000,-37.8058,144.9490,0,8.7650,15.9912
ORDC04423,2018-10-15,17:27:53,Dinner,NS,"[('Pasta', 1), ('Fish&Chips', 6), ('Salmon', 7), ('Shrimp', 8)]",956.5000,-37.8112,144.9936,0,9.0230,15.2430
ORDK09805,2018-06-14,13:24:30,Lunch,,"[('Steak', 4), ('Fries', 6)]",252.0000,-37.8096,144.9638,0,7.3870,13.2872
ORDJ08512,2018-10-25,17:48:10,Dinner,TP,"[('Salmon', 10), ('Pasta', 5), ('Shrimp', 9)]",1033.5000,-37.8137,144.9507,0,9.4890,13.5108
ORDK09827,2018-09-19,16:37:10,Dinner,,"[('Shrimp', 7), ('Salmon', 9), ('Fish&Chips', 10), ('Pasta', 7)]",1289.5000,-37.8071,144.9560,0,8.2460,15.3166
ORDC10241,2018-06-19,13:34:38,Lunch,NS,"[('Chicken', 6), ('Steak', 10), ('Fries', 2)]",666.0000,-37.8244,144.9982,0,10.4480,16.4246
ORDK01547,2018-11-26,18:49:00,Dinner,BK,"[('Salmon', 2), ('Pasta', 2)]",137.0000,-37.8003,145.0041,0,4.9040,11.6900
ORDZ06653,2018-10-25,17:48:10,Dinner,NS,"[('Salmon', 4), ('Pasta', 9), ('Fish&Chips', 1), ('Shrimp', 10)]",986.5000,-37.8205,144.9661,0,8.8830,14.9084
ORDC03642,2018-04-19,11:32:57,Breakfast,NS,"[('Coffee', 7), ('Eggs', 7)]",206.5000,-37.8143,144.9744,0,7.7820,12.5221
ORDB10092,2018-09-05,16:06:45,Dinner,TP,"[('Fish&Chips', 5), ('Pasta', 7)]",367.5000,-37.8164,144.9286,0,11.5540,15.6962
ORDZ10325,2018-06-24,13:44:47,Lunch,NS,"[('Fries', 8), ('Salad', 1), ('Chicken', 8)]",369.2000,-37.8108,144.9456,0,9.1160,16.8034
ORDJ10503,2018-03-07,10:11:49,Breakfast,TP,"[('Eggs', 1), ('Pancake', 5), ('Coffee', 5)]",180.7500,-37.8079,144.9730,0,9.2500,11.8951
ORDI10657,2018-02-25,09:41:24,Breakfast,NS,"[('Coffee', 7), ('Pancake', 4), ('Eggs', 7), ('Cereal', 5)]",408.5000,-37.8030,145.0090,0,9.8450,17.3664
ORDB03304,2018-06-28,13:54:55,Lunch,,"[('Steak', 4), ('Burger', 6), ('Chicken', 4), ('Salad', 2), ('Fries', 2)]",552.4000,-37.8081,144.9868,0,,13.8718
ORDI01735,2018-03-27,10:42:15,Breakfast,NS,"[('Pancake', 3), ('Coffee', 1), ('Eggs', 10)]",300.2500,-37.8125,144.9539,0,8.3500,13.2051
ORDX10759,2018-09-02,16:06:45,Dinner,BK,"[('Salmon', 1), ('Shrimp', 10), ('Fish&Chips', 10)]",931.0000,-37.8141,144.9631,0,7.7240,17.6761
ORDB01816,2018-11-02,18:08:27,Dinner,TP,"[('Pasta', 1), ('Shrimp', 5), ('Fish&Chips', 6), ('Salmon', 8)]",835.5000,-37.8018,144.9572,0,9.5180,13.8329
ORDZ10110,2018-10-28,17:58:18,Dinner,NS,"[('Pasta', 4), ('Shrimp', 2), ('Fish&Chips', 9)]",533.0000,-37.8097,144.9476,0,8.9330,17.1007
ORDY05288,2018-11-04,18:08:27,Dinner,,"[('Fish&Chips', 9), ('Shrimp', 2)]",423.0000,-37.8179,144.9698,0,,13.4206
ORDA03164,2018-11-12,18:28:43,Dinner,BK,"[('Shrimp', 7), ('Pasta', 5), ('Fish&Chips', 1)]",550.5000,-37.8117,144.9563,0,8.0970,15.1970
ORDC07582,2018-04-04,11:02:32,Breakfast,NS,"[('Cereal', 5), ('Eggs', 2), ('Pancake', 8)]",343.0000,-37.8186,144.9637,0,8.6300,13.5141
ORDX06042,2018-07-02,13:54:55,Lunch,BK,"[('Burger', 10), ('Salad', 3)]",361.6000,-37.8215,145.0079,0,4.4120,9.6657
ORDY07525,2018-10-20,17:38:01,Dinner,TP,"[('Salmon', 4), ('Fish&Chips', 7)]",409.0000,-37.8078,144.9920,0,10.5130,15.5180
ORDJ08304,2018-11-23,18:49:00,Dinner,,"[('Salmon', 1), ('Fish&Chips', 8), ('Shrimp', 8), ('Pasta', 1)]",780.5000,-37.8080,144.9687,0,,13.3832
ORDB09633,2018-01-14,08:20:16,Breakfast,TP,"[('Pancake', 7), ('Eggs', 1), ('Cereal', 8)]",359.7500,-37.8083,144.9352,1,10.6160,7.1056
ORDZ06389,2018-01-07,08:10:08,Breakfast,,"[('Coffee', 5), ('Eggs', 5)]",147.5000,-37.8125,144.9364,1,,8.4903
ORDJ08917,2018-06-12,13:24:30,Lunch,TP,"[('Salad', 9), ('Fries', 9), ('Chicken', 4), ('Burger', 5), ('Steak', 4)]",725.8000,-37.8018,144.9569,0,9.5460,12.9249
ORDA06127,2018-11-27,18:59:09,Dinner,,"[('Fish&Chips', 4), ('Shrimp', 9), ('Pasta', 7), ('Salmon', 4)]",982.5000,-37.8162,144.9454,0,,16.7119
ORDI00977,2018-08-01,14:55:46,Lunch,NS,"[('Burger', 8), ('Steak', 1), ('Fries', 8), ('Salad', 2)]",423.4000,-37.8187,144.9166,0,11.0530,16.5662
ORDY02022,2018-04-03,11:02:32,Breakfast,TP,"[('Coffee', 2), ('Eggs', 1)]",37.0000,-37.8123,144.9904,0,10.0150,12.6911
ORDK03329,2018-04-09,11:12:40,Breakfast,,"[('Coffee', 9), ('Eggs', 10)]",287.5000,-37.8177,144.9672,0,,12.4532
ORDX09643,2018-05-22,12:33:48,Lunch,BK,"[('Fries', 6), ('Steak', 7)]",387.0000,-37.7973,145.0107,0,4.9660,10.3816
ORDI09476,2018-10-21,17:38:01,Dinner,NS,"[('Pasta', 9), ('Salmon', 7), ('Shrimp', 9)]",1020.5000,-37.8001,144.9625,0,6.9120,15.2051
ORDY03587,2018-04-26,11:43:05,Breakfast,TP,"[('Pancake', 3), ('Coffee', 6), ('Cereal', 6), ('Eggs', 4)]",331.7500,-37.8180,144.9667,0,7.6700,10.6546
ORDZ00714,2018-09-19,16:37:10,Dinner,NS,"[('Salmon', 6), ('Shrimp', 6)]",570.0000,-37.8073,144.9578,0,8.0660,13.8999
ORDB01591,2018-11-11,18:28:43,Dinner,TP,"[('Fish&Chips', 5), ('Shrimp', 1)]",229.0000,-37.8026,144.9614,0,9.4920,15.7442
ORDJ05093,2018-05-19,12:33:48,Lunch,TP,"[('Fries', 4), ('Chicken', 5)]",208.0000,-37.8134,144.9534,0,8.8410,13.5803
ORDI07906,2018-11-24,18:49:00,Dinner,NS,"[('Salmon', 7), ('Fish&Chips', 2), ('Shrimp', 1)]",411.0000,-37.8132,144.9399,0,9.6450,17.4285
ORDB01068,2018-04-07,11:12:40,Breakfast,TP,"[('Coffee', 5), ('Cereal', 6), ('Pancake', 5)]",284.7500,-37.8157,145.0117,0,11.9640,15.4043
ORDJ08078,2018-09-09,16:16:54,Dinner,TP,"[('Shrimp', 2), ('Pasta', 7), ('Salmon', 10), ('Fish&Chips', 2)]",780.5000,-37.8094,144.9889,0,10.0880,15.2501
ORDZ02628,2018-12-12,19:29:34,Dinner,NS,"[('Fish&Chips', 5), ('Shrimp', 1)]",229.0000,-37.8209,144.9560,0,9.3520,15.3915
ORDZ07897,2018-12-12,19:29:34,Dinner,NS,"[('Pasta', 1), ('Fish&Chips', 10), ('Shrimp', 8)]",809.5000,-37.8203,144.9573,0,9.1930,15.4574
ORDI03650,2018-10-23,17:48:10,Dinner,NS,"[('Pasta', 2), ('Shrimp', 7), ('Salmon', 5), ('Fish&Chips', 2)]",708.0000,-37.8201,144.9670,0,8.7580,14.9110
ORDI07592,2018-08-16,15:26:11,Lunch,NS,"[('Chicken', 8), ('Salad', 5), ('Fries', 10), ('Burger', 7), ('Steak', 4)]",859.0000,-37.8106,145.0015,0,9.5670,14.9250
ORDA10703,2018-11-25,18:49:00,Dinner,,"[('Fish&Chips', 2), ('Shrimp', 4), ('Salmon', 7)]",573.0000,-37.8114,144.9715,0,,16.2931
ORDY03699,2018-10-02,17:07:36,Dinner,TP,"[('Shrimp', 9), ('Salmon', 5)]",691.0000,-37.8245,144.9527,0,8.3310,12.9448
ORDX02673,2018-11-08,18:18:35,Dinner,BK,"[('Pasta', 4), ('Fish&Chips', 9)]",425.0000,-37.8161,144.9642,0,7.7460,14.9048
ORDK01625,2018-04-07,11:12:40,Breakfast,,"[('Eggs', 10), ('Cereal', 6), ('Coffee', 4), ('Pancake', 7)]",545.7500,-37.8148,145.0118,0,3.8420,11.1036
ORDC10674,2018-06-23,13:44:47,Lunch,,"[('Fries', 10), ('Chicken', 3), ('Steak', 4), ('Burger', 6)]",582.0000,-37.8061,144.9581,0,7.7570,14.9087
ORDK00621,2018-03-29,10:52:23,Breakfast,BK,"[('Eggs', 8), ('Cereal', 10)]",386.0000,-37.8161,144.9725,0,6.9640,11.9867
ORDI01542,2018-05-07,12:03:22,Lunch,NS,"[('Steak', 5), ('Fries', 9)]",333.0000,-37.8137,144.9610,0,8.1230,13.8913
ORDY03111,2018-01-20,08:30:25,Breakfast,TP,"[('Coffee', 1), ('Cereal', 9)]",196.5000,-37.8007,144.9725,0,10.0490,13.8317
ORDJ05157,2018-01-11,08:20:16,Breakfast,TP,"[('Coffee', 7), ('Eggs', 6), ('Cereal', 10), ('Pancake', 3)]",467.2500,-37.8072,144.9565,1,9.2730,11.8622
ORDZ09820,2018-10-03,17:07:36,Dinner,NS,"[('Fish&Chips', 7), ('Shrimp', 1), ('Pasta', 7)]",491.5000,-37.8025,144.9631,0,6.9850,13.3269
ORDI10999,2018-05-12,12:13:31,Lunch,NS,"[('Burger', 8), ('Fries', 8), ('Steak', 2)]",434.0000,-37.8032,144.9628,0,7.0560,14.5447
ORDX06209,2018-11-17,18:38:52,Dinner,BK,"[('Fish&Chips', 10), ('Shrimp', 6)]",674.0000,-37.7989,144.9693,0,7.7530,16.9768
ORDZ03460,2018-03-17,10:21:58,Breakfast,NS,"[('Pancake', 8), ('Coffee', 10)]",269.0000,-37.8079,144.9713,0,7.0150,14.4796
ORDY04422,2018-02-14,09:21:07,Breakfast,,"[('Cereal', 4), ('Coffee', 5)]",121.5000,-37.8255,144.9763,0,,11.7188
ORDA09602,2018-08-05,15:05:54,Lunch,,"[('Salad', 2), ('Fries', 4)]",82.4000,-37.8146,144.9470,0,,17.6760
ORDJ04538,2018-03-27,10:42:15,Breakfast,TP,"[('Pancake', 9), ('Eggs', 10)]",438.2500,-37.8183,145.0015,0,10.7650,13.0780
ORDC05706,2018-10-19,17:38:01,Dinner,NS,"[('Shrimp', 5), ('Salmon', 1), ('Pasta', 8)]",531.0000,-37.8241,144.9697,0,9.1240,15.0598
ORDB09651,2018-06-25,13:44:47,Lunch,,"[('Burger', 2), ('Salad', 7), ('Fries', 8), ('Chicken', 6)]",470.4000,-37.8242,144.9838,0,,12.6282
ORDC02472,2018-03-14,10:21:58,Breakfast,NS,"[('Coffee', 7), ('Eggs', 1), ('Cereal', 5), ('Pancake', 3)]",252.2500,-37.7996,144.9328,0,11.6930,16.8115
ORDX09060,2018-03-04,10:01:41,Breakfast,BK,"[('Coffee', 3), ('Cereal', 1), ('Pancake', 7)]",213.2500,-37.8057,144.9515,0,8.6500,15.6142
ORDB02021,2018-06-11,13:14:21,Lunch,,"[('Burger', 9), ('Fries', 7), ('Salad', 3), ('Steak', 6)]",684.6000,-37.8036,144.9623,0,9.3770,12.3045
ORDK05177,2018-10-07,17:17:44,Dinner,BK,"[('Fish&Chips', 3), ('Shrimp', 6)]",429.0000,-37.8198,144.9613,0,8.0530,16.9485
ORDI05200,2018-02-25,09:51:32,Breakfast,NS,"[('Eggs', 8), ('Coffee', 2), ('Cereal', 4)]",275.0000,-37.8043,144.9553,0,7.8600,15.1519
ORDA04944,2018-12-17,19:39:43,Dinner,BK,"[('Pasta', 4), ('Shrimp', 4), ('Fish&Chips', 5), ('Salmon', 5)]",706.0000,-37.8080,144.9501,0,8.7830,16.4935
ORDK02717,2018-02-19,09:31:16,Breakfast,BK,"[('Coffee', 4), ('Pancake', 3)]",102.7500,-37.8060,144.9474,0,8.8710,14.0431
ORDJ10128,2018-07-03,14:05:04,Lunch,,"[('Steak', 7), ('Chicken', 2), ('Burger', 9), ('Salad', 8), ('Fries', 6)]",867.6000,-37.8095,144.9645,0,8.6690,11.9283
ORDX07436,2018-12-10,19:19:26,Dinner,BK,"[('Fish&Chips', 7), ('Shrimp', 2), ('Pasta', 9), ('Salmon', 10)]",1010.5000,-37.8184,144.9652,0,7.6510,15.3197
ORDA09285,2018-07-21,14:35:29,Lunch,BK,"[('Chicken', 1), ('Burger', 10)]",342.0000,-37.8122,144.9745,0,6.7110,15.1833
ORDY06245,2018-04-08,11:12:40,Breakfast,TP,"[('Coffee', 4), ('Eggs', 1), ('Pancake', 5), ('Cereal', 5)]",278.2500,-37.8000,144.9514,0,10.0640,14.1236
ORDX11015,2018-11-19,18:38:52,Dinner,BK,"[('Salmon', 5), ('Shrimp', 3)]",367.0000,-37.8238,144.9902,0,6.2220,13.0862
ORDX02879,2018-05-02,11:53:14,Breakfast,BK,"[('Eggs', 9), ('Coffee', 9), ('Pancake', 3), ('Cereal', 10)]",548.2500,-37.8097,144.9728,0,6.6850,11.5331
ORDB07345,2018-07-05,14:05:04,Lunch,TP,"[('Fries', 8), ('Chicken', 2), ('Burger', 4), ('Steak', 4), ('Salad', 2)]",498.4000,-37.8122,145.0003,0,10.9770,14.1878
ORDZ02883,2018-04-16,11:22:49,Breakfast,,"[('Pancake', 7), ('Coffee', 4)]",199.7500,-37.8115,144.9647,0,7.6040,12.9560
ORDK10343,2018-03-21,10:32:06,Breakfast,BK,"[('Cereal', 4), ('Pancake', 5), ('Eggs', 10), ('Coffee', 10)]",500.2500,-37.8139,144.9604,0,7.9250,12.5859
ORDJ00587,2018-10-08,17:17:44,Dinner,TP,"[('Pasta', 8), ('Fish&Chips', 2)]",290.0000,-37.8184,144.9606,0,7.7580,12.3371
ORDC03441,2018-06-22,13:44:47,Lunch,NS,"[('Salad', 6), ('Burger', 10), ('Steak', 1)]",458.2000,-37.8110,145.0156,0,11.1500,17.0248
ORDY08429,2018-10-06,17:07:36,Dinner,TP,"[('Pasta', 1), ('Shrimp', 6), ('Salmon', 5)]",556.5000,-37.8194,144.9831,0,9.1430,14.7808
ORDZ08215,2018-10-20,17:38:01,Dinner,NS,"[('Shrimp', 6), ('Fish&Chips', 9), ('Pasta', 1), ('Salmon', 8)]",994.5000,-37.8052,144.9602,0,7.4560,15.6531
ORDJ06426,2018-02-03,09:00:50,Breakfast,TP,"[('Pancake', 5), ('Eggs', 10), ('Cereal', 6), ('Coffee', 6)]",512.2500,-37.8216,144.9612,0,7.4740,11.8062
ORDY07318,2018-07-12,14:25:21,Lunch,TP,"[('Steak', 4), ('Fries', 2), ('Burger', 4), ('Salad', 8), ('Chicken', 9)]",753.6000,-37.8263,144.9798,0,8.5890,12.3530
ORDX01892,2018-04-08,11:12:40,Breakfast,BK,"[('Cereal', 8), ('Pancake', 4), ('Eggs', 4), ('Coffee', 5)]",390.5000,-37.8068,144.9881,0,5.5050,12.8355
ORDI09403,2018-05-30,12:54:05,Lunch,NS,"[('Steak', 7), ('Fries', 4), ('Salad', 7), ('Burger', 3), ('Chicken', 9)]",864.4000,-37.8188,144.9701,0,8.4160,13.8059
ORDY01754,2018-07-16,14:25:21,Lunch,TP,"[('Chicken', 8), ('Burger', 3)]",349.0000,-37.8011,145.0147,0,13.1140,15.6964
ORDX02073,2018-05-05,12:03:22,Lunch,BK,"[('Burger', 10), ('Chicken', 7), ('Salad', 8)]",671.6000,-37.8234,144.9949,0,5.7660,13.4533
ORDY03655,2018-02-15,09:31:16,Breakfast,TP,"[('Eggs', 4), ('Cereal', 1), ('Coffee', 10), ('Pancake', 6)]",329.5000,-37.8083,144.9835,0,9.8630,12.5546
ORDX02096,2018-01-14,08:20:16,Breakfast,BK,"[('Eggs', 8), ('Cereal', 3), ('Pancake', 5)]",360.2500,-37.8055,144.9524,1,8.4100,7.7760
ORDY06868,2018-12-03,19:09:17,Dinner,TP,"[('Shrimp', 4), ('Fish&Chips', 9), ('Pasta', 9), ('Salmon', 2)]",860.5000,-37.8189,144.9542,0,8.4110,13.0467
ORDY00274,2018-05-31,12:54:05,Lunch,,"[('Fries', 9), ('Salad', 1), ('Steak', 6), ('Burger', 2)]",457.2000,-37.8162,144.9460,0,,13.0224
ORDI03499,2018-06-23,13:44:47,Lunch,NS,"[('Chicken', 2), ('Fries', 9), ('Burger', 9)]",451.0000,-37.8192,144.9870,0,9.1090,16.2790
ORDK07247,2018-02-11,09:21:07,Breakfast,BK,"[('Cereal', 7), ('Eggs', 10), ('Coffee', 2), ('Pancake', 5)]",503.2500,-37.8147,144.9692,0,7.2740,14.6596
ORDJ05311,2018-04-02,11:02:32,Breakfast,TP,"[('Cereal', 1), ('Pancake', 3), ('Eggs', 2)]",137.7500,-37.8146,144.9902,0,9.9220,12.5332
ORDJ06963,2018-07-21,14:35:29,Lunch,TP,"[('Steak', 2), ('Burger', 6)]",276.0000,-37.8078,144.9384,0,10.3800,15.4469
ORDZ06682,2018-09-11,16:16:54,Dinner,NS,"[('Fish&Chips', 1), ('Salmon', 10)]",445.0000,-37.8095,144.9637,0,7.4090,13.4829
ORDK09359,2018-04-11,11:12:40,Breakfast,BK,"[('Cereal', 8), ('Eggs', 10), ('Coffee', 4)]",418.0000,-37.8135,144.9489,0,10.2400,15.2353
ORDZ03959,2018-10-22,17:48:10,Dinner,NS,"[('Salmon', 4), ('Fish&Chips', 8)]",444.0000,-37.8195,144.9628,0,8.8590,14.7378
ORDZ00991,2018-06-15,13:24:30,Lunch,,"[('Chicken', 5), ('Salad', 3)]",211.6000,-37.8031,144.9422,0,,14.7010
ORDC06819,2018-09-05,16:06:45,Dinner,NS,"[('Pasta', 7), ('Salmon', 10), ('Fish&Chips', 3), ('Shrimp', 2)]",815.5000,-37.8164,144.9286,0,10.5310,16.8962
ORDI04410,2018-10-11,17:17:44,Dinner,,"[('Shrimp', 3), ('Pasta', 5), ('Fish&Chips', 1)]",334.5000,-37.8124,144.9537,0,8.5460,13.8372
ORDC02665,2018-01-31,08:50:42,Breakfast,NS,"[('Cereal', 4), ('Coffee', 8)]",144.0000,-37.8003,144.9832,0,7.3460,12.3331
ORDY09456,2018-07-14,14:25:21,Lunch,TP,"[('Fries', 5), ('Chicken', 5), ('Burger', 4)]",344.0000,-37.8176,145.0054,0,11.2040,15.5213
ORDJ03824,2018-03-08,10:11:49,Breakfast,TP,"[('Coffee', 8), ('Cereal', 8), ('Eggs', 5), ('Pancake', 4)]",435.0000,-37.8079,144.9730,0,9.2450,11.9184
ORDZ03528,2018-12-21,19:39:43,Dinner,,"[('Fish&Chips', 5), ('Salmon', 3), ('Pasta', 8)]",518.0000,-37.8150,144.9328,0,,14.6873
ORDC07892,2018-06-25,13:44:47,Lunch,,"[('Steak', 6), ('Salad', 6), ('Chicken', 4)]",501.2000,-37.8242,144.9842,0,,15.0526
ORDZ02696,2018-10-08,17:17:44,Dinner,NS,"[('Pasta', 5), ('Fish&Chips', 8), ('Salmon', 6), ('Shrimp', 9)]",1149.5000,-37.8199,144.9613,0,8.9190,15.4625
ORDY03582,2018-12-12,19:29:34,Dinner,TP,"[('Shrimp', 2), ('Fish&Chips', 2)]",178.0000,-37.8210,144.9570,0,8.0420,12.4660
ORDA03286,2018-12-16,19:39:43,Dinner,BK,"[('Fish&Chips', 1), ('Shrimp', 1), ('Pasta', 3)]",171.5000,-37.8166,144.9667,0,7.4930,16.5654
ORDZ06096,2018-11-18,18:38:52,Dinner,NS,"[('Salmon', 2), ('Fish&Chips', 3)]",187.0000,-37.8108,145.0032,0,9.7180,17.5884
ORDB05024,2018-01-07,08:10:08,Breakfast,TP,"[('Cereal', 9), ('Coffee', 1), ('Eggs', 8)]",372.5000,-37.8130,144.9373,1,10.5710,6.9403
ORDB04899,2018-09-13,16:27:02,Dinner,TP,"[('Pasta', 9), ('Salmon', 8), ('Fish&Chips', 9), ('Shrimp', 10)]",1430.5000,-37.8038,144.9575,0,9.7330,13.9914
ORDK06288,2018-07-24,14:45:38,Lunch,BK,"[('Fries', 3), ('Burger', 1), ('Chicken', 8), ('Steak', 3), ('Salad', 9)]",612.8000,-37.8035,144.9500,0,8.8030,14.4537
ORDX10089,2018-06-18,13:34:38,Lunch,BK,"[('Salad', 6), ('Burger', 8), ('Fries', 8), ('Chicken', 6)]",639.2000,-37.8036,144.9264,0,10.8670,16.2744
ORDK05025,2018-01-30,08:50:42,Breakfast,BK,"[('Eggs', 10), ('Pancake', 6), ('Coffee', 10), ('Cereal', 10)]",650.5000,-37.8050,144.9922,0,5.2750,9.8912
ORDK00901,2018-07-03,14:05:04,Lunch,BK,"[('Salad', 7), ('Fries', 6)]",192.4000,-37.8076,144.9630,0,7.4630,13.4016
ORDB05772,2018-10-09,17:17:44,Dinner,TP,"[('Pasta', 10), ('Fish&Chips', 10)]",625.0000,-37.8120,144.9518,0,9.1170,13.8597
ORDJ00876,2018-08-25,15:46:28,Lunch,TP,"[('Salad', 2), ('Burger', 5), ('Steak', 1), ('Fries', 5), ('Chicken', 10)]",614.4000,-37.8052,144.9373,0,10.7240,15.3608
ORDJ07349,2018-02-22,09:41:24,Breakfast,TP,"[('Coffee', 6), ('Pancake', 4)]",142.0000,-37.8156,145.0059,0,11.4000,13.8475
ORDK10131,2018-06-20,13:34:38,Lunch,BK,"[('Salad', 3), ('Steak', 7), ('Chicken', 10), ('Burger', 5)]",841.6000,-37.8223,144.9448,0,9.5360,15.6509
